path,bytes,sha256
.env.example,306,315967081229f2635609dbf00e5e918a2a2cd5743834c468beb9e893d07dfd08
.gitignore,240,7e8355017f50622a30298e3c7a4dc88099b2039349991e1971051a74cf664e1e
.npmrc,48,b4edf6d30dc952469733809d66f88788c54681d6eb6c84bb075fe461c46d9e8f
.nvmrc,3,f14b4987904bcb5814e4459a057ed4d20f58a633152288a761214dcd28780b56
ADMIN-CRUD-DEVELOPMENT-PLAN.md,1592,332740d117c97784ee22bbe12efaa9212b300823d869c2b5f08478687dc95fbd
ADMIN-DASHBOARD-REBASE-COMPLETE.txt,702,b83e77dd368c4d5cb45ccbc1200ce6d971d094c607f5ff92de008a059b415d39
BUILD-VERIFICATION.txt,920,19fde51b9edcf024c0ede68b150a6081ffc8b670d6fc6afc60613fb5117c63a9
CHANGELOG/PHASE30.md,10368,60f94ef5f80637b0173461765a13e373fe4bbd75414191012fbb1dc4cb451ea6
DELIVERED-FILES.txt,2431,338e138b544cdc888717a4cb633dd0aab9f9a7b9857053ea40e1d97e74122e34
FIX-DASHBOARD-ROLE-TEST-2026-08-12.md,1621,662157919bb9f831c4a3d81db30e074294afa3f6ff7b1df81b66dc7440b70a6c
FIX-NEXT-STEP.txt,581,18bdd11424b0f4eb9111d2c01311f702df7d49f0cd9e204e07f833ca681ef0d5
HOD-LOGIN-FIX-2026-08-12.txt,1107,76f040db8ac27eca76f1ce3d21137fbf411ec3ff029b9cf1ccf5f8d1bacadf39
LOCAL-VERIFICATION-2026-08-10.md,1308,bb2107f59c3650110bae66d96ea1b2e30279bf5fa4732e522b48baa736ed8089
MASTER-FORM-INTEGRATION-COMPLETE.txt,627,4ad59f5ec510c74810fdb374dff62a3edf630432bbcb84ec4a99e3a5cc8baabc
NEXT-DEV-PROMPT-PHASE20.md,776,5fc49b4270e79dac5df179dbbcbb38e6d9b755aed7dd8b95933c32fcfb38ae6a
NEXT-DEV-STEP.md,488,174825441d25a7ba3da044a63487dcb73347ade88e72445e9d8cbb32b1f297e4
NEXT-PHASE-PACKAGE-MANIFEST.json,1119,3de59c9fb84e408249cd5e766471bc6c883037b18630189defb9dca434a9c941
NEXT-STEP-VERIFICATION.md,677,f37ed12acb3368174a6d79473289c025a1d498f29df5361badd9a42e1d454031
PHASE-FIX-AUTH-2026-08-12.md,1683,5df759936462933862c1400637d9096fffc6834423019cf6ff22a81248eb0695
PHASE-FIX-VERIFICATION-2026-08-12.md,1896,e9b4c3401c6be858b56fd545bcb40cbe3bd6d8c0753213597defc73fa2302bb5
PHASE1-COMPLETE.txt,1051,bc562d0042fc60c284c6922c563eac9d09a82e3a2de30268eb3450fc5dad0fae
PHASE10-COMPLETE.txt,470,8cd9b8ba9276ea84e1375e4ac5ea759c780b33cdce2f08396fe791f78cb8d5d2
PHASE11-COMPLETE.txt,431,5aa3d54f280012334ea6a7a8483bc6a769460ee73cdd7ff47a26248fe01e1e47
PHASE12-COMPLETE.txt,818,1cfda90495c143ba76564a9c0b9f765df9fefc1a216787c6f4da0697e90b74e2
PHASE13-COMPLETE.txt,718,f4dfcb7194a17970cec37413fdd55f4315d7603c8fddb7606fe0ee55d196fb8d
PHASE13-VERIFICATION-SUMMARY.txt,773,6aa89f07310a52f37dba54081e0a4508fd6b49669aff2d0a0044f637b2b43f52
PHASE14-COMPLETE.txt,18,dd871167eb1aaa05134c292583f4e20859915ffe04f1b58f7f342baff8422c41
PHASE14-VERIFICATION-SUMMARY.txt,34,7f86f8fbe67af0c930088a7dd72b9fbc320503907b2f51b38025895a396464fa
PHASE15-COMPLETE.txt,333,e1736edbc9b093936ee2d468b3009717cfb27b4f315a5d32ee5d95a59310a8f3
PHASE16-COMPLETE.txt,473,1b170dff26b1767781dc03b9193544a87c9e0959c918264f0606f5c9e631fd23
PHASE17-COMPLETE.txt,584,0468e91648912f72001443a1572466b3c4462c6b2776121f0d36aacc1443d484
PHASE19-COMPLETE.txt,203,197e3c2c58c793ca4a718963156c36dfe9a50efe05367c60d26f150a471d682f
PHASE19-VERIFICATION-RESULT.txt,3986,cf7bbe326b1b9b6b92b7601f2ae38f8d14efaebedad8ad75990b150dbcef7268
PHASE2-COMPLETE.txt,1536,1a504e430897aaa4641539fd43eaa884365e8ddff57b3b9b64dc621f6adbf581
PHASE2-ROUTING-AUDIT.md,1430,79eebfd44e8ecfc34bc026d597e94b462c677566db1dd1a9986e500ff9d5a4f7
PHASE20-COMPLETE.txt,1002,c8d44304b51e1f718d3663f7bb93a3a0988fb1959167ef50e18bedce7dfa2bb4
PHASE20-UPDATED-COMPLETE.txt,229,40176fb98d5bfa024c9b21f2b12b85379c1ac5ccdad2eded86cfb24c6d5f217d
PHASE20-UPDATED-MANIFEST.json,411,7348737be8e69299f69adb536334bbe1300967d8d36043e5afb3442a0bd7540c
PHASE21-COMPLETE.txt,580,b5229ba9099ab27327463dd5f0a6f5799e1beaaa41a78e6b849cba0916c96434
PHASE21-PACKAGE-MANIFEST.json,422,7d1fd357db2f7d479424faec01bca83c4e4a322150d2005d01b839ef19ed4450
PHASE22-COMPLETE.txt,604,4c4c699c92e5f8d3a07f1bd410034a55d78c82ba06a9d5fe078123a6e9ba687e
PHASE22-DELIVERY-MANIFEST.txt,1004,f7749f8db0cc5dc9715bafc6691d473b78fcbe3cc4d9dc782b47b611a8617344
PHASE22-HOD-DELIVERY-REPORT-2026-08-12.md,2293,684cd2bffd8d04bce45b9ff8b653ca3b2708603a863aec143ae4795d3f907db6
PHASE22-MASTER-IMPORT-VERIFICATION-2026-08-12.md,1094,b1fb28c15932405421f7577b6677602d870117188b9e749a71d3af3ad7e291f8
PHASE23-COMPLETE.txt,971,43b1ff04d2628b365265992c53d29e078bb6134feec0c581b0cc069d54818df6
PHASE24-COMPLETE.txt,1235,fc4a7dfa05fdda8a17a27072b37432ff75583183cf9dc82ace36f6807b27e6e7
PHASE24-FIX-VERIFICATION-2026-08-13.md,1609,32b7c95327427d7a7f0b1a928e873d5773a13ad866733e53beaa99036cb38c8c
PHASE24-RELEASE-MANIFEST.json,866,1a76862cc30ea488e83bb30b0a8cc18385a7a96e12a00b6fd1697afa6e0a2071
PHASE26-COMPLETE.txt,1262,1a01e5c77d9eddf786dce540e1d6068dbf22e829412b585ec30be9c5c5766286
PHASE26-FARM-DROPDOWN-HOTFIX.txt,609,34130e0a6224792b64d34218d304143a24fe920c04143a37af0e460b24c15f29
PHASE26-RELEASE-MANIFEST.json,440,d33cea1d14628a5634cc273ebda45cf9a654317cc4be7e4560d440ee66365602
PHASE27-COMPLETE.txt,123,f459e41cca300da706fc2b70dab14bd77ce84df9759f75589d7c823fa4e048bd
PHASE27-MIGRATION-FIX-2026-08-13.md,3175,c6e39e561c6b2eba71572f7af9a80d2c31341d197adc9854fc43afc61047a8fa
PHASE27-REFERENCE-SUBMISSION-FIX.md,3072,63d75e993f78f7fdf743e46e966925856a438a5839794aa7f79b06d4669d97a4
PHASE28-COMPLETE.txt,589,89a7c9cb38d700b502a065312479c4dda6f415e79d42768f1578be6452104c3b
PHASE3-COMPLETE.txt,515,c92b275cbb9716a2fce0b47289bb86f569e0a556cf7b3555c9d555d0a4058583
PHASE4-COMPLETE.txt,399,6659e18c70bc00c8c0077a4e59784081c49acd3dbc21c6d26cb42e68a49bfddc
PHASE5-COMPLETE.txt,618,460c497e262fd35e78697a9bdcde125f8a8eebd18538b43773c840822e4fd333
PHASE6-COMPLETE.txt,438,f98ded6f8ce68c4e4cc079685dff5b251d8c96147930467464064da42bfa5ee4
PHASE7-COMPLETE.txt,449,534c960af65bf5678adfbc68652778641e7c448c1c35b709409711f5b79af6bf
PHASE8-COMPLETE.txt,809,81e747a2d2a3963b9db35df4b658919d850a2d5afe7f992449980a829ade279c
PHASE9-COMPLETE.txt,730,e2184514158cd135cfca73022b9a3a570336828b846f905acc01e869fde43b44
PHASE9-VERIFICATION-RESULT.txt,1317,0fe2cdbc6ef8d298412397023f5d1b81289646a61de5d21dc1cb689ce403210b
PROJECT_DOCUMENTATION.md,19849,0c30a9ab58db7d9f91b98306846fab511439bf3df7833da396206ac69bb4dc60
README.md,12007,3c056a13841c710e41d0bf02f3e4b59af61b9f8207a0015ad1caaa494101b285
REBASE-VERIFICATION-2026-08-10.md,1035,8c88cbeb3ba315253f4633112a397c6ac41978c3ff09744279e0fd2ddc13dff7
RELEASE-CANDIDATE.md,656,58ff820f204066f3218d493d80eab5c67f2c7b87cdb56d8b6f781e78bf6b987b
ROUTE-AUDIT-2026-08-08.txt,1765,ff623b593d2f7123f328b3363261e41bc8f071be323e45793e29f20f27b00104
SETUP-WINDOWS.md,1058,52c9aa23736759bbe6420d2b985c4355ab505fdf2aa414c615004e89c2832bc6
START-HERE.txt,1134,6610e641459c6d670bf3c94eeeaeb37e895954b47c53d521eea945cfad1220ac
Scout-Report-Admin-CRUD-Development-Plan.docx,41387,4ad01fac06ba8d63108cff598a3a22b441361c7bc64e705e2fd92ae36e0874e7
Scout-Report-Admin-CRUD-Phase11-Completion-Report.docx,38361,f21d58ba0e6e403c909f01c2413cf48c9479dbe176049bb2cc67a6daf0733871
Scout-Report-Admin-CRUD-Phase14-Completion-Report.docx,38573,724f05be75f2f965ff328256931977ed36f396c55c6fa07c2cfca786cc5a473a
Scout-Report-Admin-CRUD-Phase15-Completion-Report.docx,38532,8558e65c296b159073df8af4e62cd34cc748f85dde6a2a81bd63776c46e80026
Scout-Report-Admin-CRUD-Phase16-Completion-Report.docx,38214,8627112d4bd970547c9b00eb302f75ea3a0451cb910e7b3345dfe04b01ed3bf7
Scout-Report-Admin-CRUD-Phase17-Completion-Report.docx,38801,3b10fd63d8ca5db6e36c667af869c0886c2fd9652b4c1022ab7953f3041276c8
Scout-Report-Admin-CRUD-Phase2-Completion-Report.docx,38503,9f3a2a099840a5fafe96da6b0ea85008b952d1e984db80c8c81fd822005ec433
Scout-Report-Admin-CRUD-Phase3-Completion-Report.docx,38162,2532c9000f6483ac382a7fa4220c470cbd97fd0d93e3918ea2466f4ebda4fa8a
Scout-Report-Admin-CRUD-Phase4-Completion-Report.docx,37941,65ceeeb1a9037c593c95bb669b765e54b0f4cdc09edb34453bf4a28d9393662f
Scout-Report-Admin-CRUD-Phase5-Completion-Report.docx,38015,13eab52bd797003dab9ee55701119f5915b91e4a269ca1d87c152f009f44ba81
Scout-Report-Admin-CRUD-Phase6-Completion-Report.docx,38076,465080040cbe4bb77fad2f17f0429929401ae5891290ac1d0b80f658f591d453
Scout-Report-Admin-CRUD-Phase7-Completion-Report.docx,38179,44cea7b7127f3d5c45fc02ac3b3b7522870ab4ae9696339ca15f931a92902951
Scout-Report-Admin-CRUD-Phase8-Completion-Report.docx,38063,4ce1bd060535be5749d3f1973ee4349c30cce29ea0ebc8320c8d4cc50fe7e964
Scout-Report-Admin-CRUD-Phase9-Completion-Report.docx,38175,7e138f314939836fff2165e30bfd5b0cbb430e56df927f44c17eab3dcbc98ef7
Scout-Report-Phase17-Post-Install-Verification-2026-08-10.docx,37868,42027eb5fc60b5e0bcc750d626aa8a834b829ef73dd9ce203555a8b950fbca93
Scout-Report-Phase18-Completion-and-Verification-2026-08-10.docx,37578,e307935c0fcf016a93af9c67bf05a5a7d893d62b708f33af4fa705ac108e493a
Scout-Report-Phase19-Completion-and-Verification-2026-08-10.docx,38047,5551ec6326dbcc9e3239e0de4a71ccb41294ee22739ee4c95930557455e23288
Scout-Report-Project-Documentation.docx,45923,987fe2fd1d571c9d20d90a5b3c76b31ddd9fba8f86f14f57868f8b2d2df4ae6c
WORKFLOW-REBASE-COMPLETE.txt,1225,7ec719d2efa1a0c6fd213b2116e7786eaf884ae3f8f2f90148a5cdd18bbb4cfc
docker-compose.yml,519,7f4ce77190017307903c33c40d5effeba4df3e50feef687352d06f91261071ce
docs/03_DETAILED_DEVELOPMENT_TIMELINE.md,4330,631ff3c50c346be8502466c53641ba26680f8059f547541fe302ab647a716ed7
docs/ADMIN-DASHBOARD-ANALYTICS-AND-ROLE-MANAGEMENT.md,2871,25ac1112d04b67a2b5f1051c2bcfbfceb92b78208cce5dc000612a4a3643bbe3
docs/ADMIN-DASHBOARD-REBASE-2026-08-10.md,1464,ab70b9109d54358f94d8e6b8ea6e3c49318371ded390121449126ef99caafa87
docs/ADMIN-USER-ROLE-OPERATIONS.md,1136,cf4d5c800df619d013505dbe516e1f72c8863224fd40f181086bbdd83d461c9c
docs/AUDIT-PHASE29-2026-08-18.md,7932,bd1ceb27b58bf2772b3331652410eab48d4b4aa2892e6889166c2f1f606e372d
docs/CI-CD.md,1226,317e57d15a2985e82bad008d8ef94482331b193147ed02ec7d9d672a534ac0ad
docs/CLEAN-PROJECT-PROTOCOL.md,1186,c19145368257e359ad9c9b23522dfa78f382d561b723ed14d1ab6a055a0f5a1e
docs/COMPREHENSIVE-DEV-PROCESS-PHASE29.md,7578,fe8820eb1ca2e404f52a6a8be6508fbaec20a482b9134b7855af9a406d941165
docs/DEPLOYMENT-REBASE.md,768,f80b5d596ab6fe6bca54230e39e2c5e67709b3bb577b73b99f148dddeb47d4d1
docs/DEVELOPMENT-BASELINE-2026-08-18.md,697,0e87ff3530f07695623d72ee904f5def285ede8547fb726261e153e1a29f0c56
docs/GITHUB-COMMIT-ACCESS.md,3324,5b21996eee92119865311819e6e3280183aab147568cf856267e1ecc808ad3b9
docs/MASTER-FORM-SPREADSHEET-INTEGRATION-2026-08-12.md,3715,fc4f88aab0117dc3cd6aec4e13fcaab2759cb4eb724f8b2380ab0d55e4b0c840
docs/PHASE23-DEPLOYMENT-RUNBOOK-2026-08-12.md,3020,12888ae5b4c0ada3f58e42437c4afb7ca440d66512ed21c4e00e3aa8578c80a0
docs/PHASE23-FORM-FIX-2026-08-12.md,3048,f31fffd89e1fc9dfc1b9db815e570306674428c27720354ea3b3bf7c7ab63aac
docs/PHASE23-MASTER-COLUMN-MAPPING.csv,7292,af188dc0e6144aa294112388e21770287b5429f29638e564c8b258e01bac7958
docs/PHASE23-SPREADSHEET-CANONICAL-MAPPING-REPORT-2026-08-12.md,2019,776cf43acadd301b74a5bea131a8952a321290f6dd42638bfcb22766330426bb
docs/PHASE23-SPREADSHEET-FORM-ALIGNMENT.md,3663,47e028284af024b8ea50e6d1f7b113d8ffb57ff792b48343c9cd95c9ded1205c
docs/PHASE23-VERIFICATION-REPORT-2026-08-12.md,5378,64f70ae8b0c032cd4ec495acec0af7660a8acb10a4bf0dbb4032bcf49ff08d2d
docs/PHASE24-FIX-LOG.md,1328,fa3b8d4eb231ff700fae108d35fbbf2f166087d6397795c0a8101867770bb43c
docs/PHASE24-FORM-OPERATIONS-VERIFICATION.md,3927,5a1cf779c4bf8f033cdd5f7c1f7bf6844d97fc8ff93d4a9796db208b9d72d412
docs/PHASE24-FORM-OPERATIONS-VERIFICATION.txt,4061,6c8604a0b818d28035fef309e618b462f2fe17e83098a9e5e367a4ae38451d19
docs/PHASE25-FORM-SPREADSHEET-REPAIR-2026-08-13.md,2018,f301141fb141a2d075665fab997942f158223610d870d577ed44ab823e62f14d
docs/PHASE25-OPERATOR-CHECKLIST.txt,658,cf51ccccd088326b55fd0669fa3b1b0031010cde0e2e8ed97e401815b00aaef1
docs/PHASE26-CROP-SUBMISSION-FIX-2026-08-13.md,1263,fdf701a6e2427cc047a139c36adba1bf86d0257aab679afae1111522232a4ac0
docs/PHASE26-FARM-DROPDOWN-HOTFIX-2026-08-13.md,1312,98e23382def39b1fbaabbbef7327a54df7c33b10de0658b6cf1228c8c8675372
docs/PHASE26-IMPORT-ANALYTICS-VERIFICATION-2026-08-13.md,4953,61bd2c592b217814e3b3c6c1a4f9f71f55b817c8f4dc28bd0af581dfceaab401
docs/PHASE26-OPERATOR-CHECKLIST.txt,1217,cabd4003a498f3bc5adc00aed23e2f0f627e2682f9735c593c8fd76ee906bdf0
docs/PHASE28-PEST-DISEASE-SUBMISSION-FIX-2026-08-14.md,6244,98287f9931b2bcf36960a1371e3cc065d594fb87562369211b94fa593881e7be
docs/RELEASE-NOTES-2026-08-10.md,689,6216c81feca9865fd8d73804fd4502da90215ae5140f0d9ac8e3a5863320c5d0
docs/RELEASE-RUNBOOK.md,728,9011f6023fee32a423bcf45f5b53c38444c83cf0ee1e699b67fd01ba08bead41
docs/REQUIREMENTS-REBASE-2026-08-10.md,1370,fefc55b1949955f18311bced5e8b2bf0ed1b6643c550f491938a73a40f0641f0
docs/REVIEW-PACKAGE-README.md,977,6cf47d19247db2e871541aee5b96dbc1f41a3f278a5bdbd87f2e8f53094b6f16
docs/ROLE-MATRIX.md,565,de0adcced6b57f3dbf2505ed6bd485e48924bd99d0da95a53346a1355c343ec0
docs/SOURCE-INSPECTION-MANIFEST.txt,1437,696d109ffdb9e55ca116569a484ad401538be83d98d743975a206989d2a22c33
docs/Scout-Report-Next-Phase-Master-Plan-2026-08-11.docx,37866,0378a8d1b25a4e7b90d59a9de4b6ab249633e2d26904c3e5ddcf0512def1422c
docs/Scout-Report-Next-Phase-Master-Plan-2026-08-11.pdf,2904,154a58f86a90d5bb5fecd401a81a87781c22dd3f3c51663935e2b39727826af8
docs/Scout-Report-Phase26-Completion-Verification-2026-08-13.docx,38094,feb08ea559c2414d67c35f8e46cddac667558cce4afb8092231952f41d409a5c
docs/Scout-Report-Project-Documentation-Updated-2026-08-14.docx,39123,a7f3ab9483b1076ba0f2c8b01ae7889fec5daf652bc8e9312756824b88b9f409
docs/USER-GUIDE-ROLES-ANALYTICS.md,1008,374b3387aeaea4a88d29192e737cc5dc0eb395c4f91ed0f6400c47baaeef2c06
docs/VERIFICATION-REPORT-MASTER-FORM-2026-08-12.md,2133,644201f88ffd36a7dbec5b59cda3f9fe4bde578368b5c44813a7e114884cd862
docs/XLSX-FORMAT.md,564,57448740f48ede1ad738c2798f5fc38fc73031f733bbd3f3c516db83f41a203b
docs/admin-crud/00-PLAN-INDEX.md,2601,5309ae115280d24e3ad408ca1924207fbe52aebeb7227d5f212bc4f7e99ebd1f
docs/admin-crud/01-SOURCE-ANALYSIS.md,5498,a85c67d78966494130ae4b954a9ef46359adbcad2ab444adb6d32b858a0a6a98
docs/admin-crud/02-DATABASE-REFERENCE-SCHEMA.md,3286,49fbc09b3f02631aabb1a68963e2cbbb70f80299ed06ca3ae481060b3f9297fd
docs/admin-crud/03-CURRENT-API-CONTRACT.md,1689,9a6aa84fde7352eb1c4ee35db4bc4ca59a0b5e67206b90baaccefc4ce29bb96b
docs/admin-crud/04-ADMIN-CRUD-API-SPEC.md,2686,04eed78ed07366dcd8e50b0712148a6382877e18c438b878c5b99f1bd2dd95d7
docs/admin-crud/05-SECURITY-AUTHORIZATION.md,1870,7ff7f1fd47ad688c349f0b5d5dc424c67fc974bd57c3626070796aa538f7638a
docs/admin-crud/06-BACKEND-IMPLEMENTATION.md,3323,14b0d48526dcbcae3486b6829a89335e55b9a12be92d79b5b6a14d75596e4eae
docs/admin-crud/07-ADMIN-UI-PLAN.md,2443,655ac9fd92409125ed71773d00f6e791df4db4adef7f8ff3fe06588e205f6add
docs/admin-crud/08-DATABASE-MIGRATION-STRATEGY.md,2308,35bc90c5054c0173ee5223ca975f1aca186e6138fdc7331f54638a307f0f825b
docs/admin-crud/09-TEST-AND-REGRESSION-PLAN.md,2492,26f41ec9d487d88806f6d228bc2f66e5f60e0868dad20a3bd0593ae9516595a4
docs/admin-crud/10-PHASE-BY-PHASE-CHECKLIST.md,2983,516bcfe0fe6231073474d92ae7f44b62d39d494876c5c58c41bd5cebe3a92ab7
docs/admin-crud/11-RISK-REGISTER.md,1788,fb3f85e267a3dfd6265f3c097030168537e25ed83b7ed81a7314edae077108ca
docs/admin-crud/12-DEFINITION-OF-DONE.md,1982,0e8b30952e5f6b61957b4b10a4f76f5d6273ddb0f20b1759de1a2bedd1b686a2
docs/admin-crud/13-NEXT-DEV-EXECUTION-PROMPT.md,1589,158aec2153e85192651698d3f5ffd07e6951f2e0fd9cd5af8d6ac22555d5e4f0
docs/admin-crud/14-FILE-CHANGE-MAP.md,1890,20760feeed6bcfe15d7e72bf7110eb5af3044fd6e41cc772e3e1927ca28e25bf
docs/admin-crud/15-IMPLEMENTATION-ORDER.md,1494,9dede696d90a7a4058bcaf48c4c799fc023c00dfd62a9a557b8b92d198d26b56
docs/admin-crud/16-PHASE1-COMPLETION-REPORT.md,5243,5b3f02a6f649621d2972cf92f7a7f3a5341e87ae2f257420f31da912681d8997
docs/admin-crud/17-LIVE-DB-VERIFICATION.sql,2343,5fc388827eb5e6534dfff916caa46a4612501f333e3d2f41ce15e0c54488db6a
docs/admin-crud/18-PHASE2-START-PACK.md,2218,d11db1fe4ca0f77a5c84b7c927bce93e1e9226a52e5b83c0d7c66d273324094e
docs/admin-crud/19-PHASE2-COMPLETION-REPORT.md,2809,a615e4c0e88e17ded7d8a6ae1d7ec46b74314ba7cc0cc0dece5f9767b2183802
docs/admin-crud/20-PHASE3-START-PACK.md,1527,cdfa8cfd129cc03cf1b80ebca5c2f2b87314be5e45755c3dcda4a440d2721beb
docs/admin-crud/21-PHASE3-TERMUX-COMMIT.md,715,d8d6d346f4a19ab8690d72025e11e8349585aec35b2dcd13d1c4db2b73d14ce2
docs/admin-crud/22-PHASE3-COMPLETION-REPORT.md,4225,b5dbd6982d2314434e9c83fcae071309186ace2f7a41bebbf5ce02392c42299a
docs/admin-crud/23-PHASE4-START-PACK.md,1717,81fe6e97dae41802e806467e80c4860abd9c334294dd0919c8863233e12d45c2
docs/admin-crud/24-PHASE4-COMPLETION-REPORT.md,2793,d162837b4045abeab9a48c3cc3134877bc4f383ff57c0a2a0f5293f7ac157a20
docs/admin-crud/25-PHASE5-START-PACK.md,1428,e7782d8b3628af8dd5d0e6c6f61809cd75f91186abe0c0a1543cf9d3a3fe3d0c
docs/admin-crud/26-PHASE5-COMPLETION-REPORT.md,3385,57388023062c8fbd18c6560df039e638f3c58a3176c1a210fdec077f6d63f69b
docs/admin-crud/27-PHASE6-START-PACK.md,1412,cc9ab93cf54b0178008b867937047b3bd9b2a89f3884966ad5fffbed10ae9b7c
docs/admin-crud/28-PHASE6-COMPLETION-REPORT.md,4217,75dc9332cf4e7cc568d6613bee3c84346b6dccc54a273b94b08273fb2babb08b
docs/admin-crud/29-PHASE7-START-PACK.md,1885,65dc0ea54bfd639bc867643ff66b30317eb2986c4800c725c10e20164256d492
docs/admin-crud/30-PHASE7-COMPLETION-REPORT.md,2590,b46921ec68afde9511c397efa1050bc6620dbf2bdf54c4b0585a51f097e30ad2
docs/admin-crud/31-PHASE8-START-PACK.md,1746,116ac426df82d6696123caa0e66ada775c643f6af83b815b7eb3da855e3070cc
docs/admin-crud/32-PHASE8-COMPLETION-REPORT.md,2468,43e93d14e6fa1d181767ead593f5a32a627ba9d0bfb6dd4ec4b74fd984a45c58
docs/admin-crud/33-PHASE9-START-PACK.md,1789,03ad48e356805ae4bc4ddcbf275d3559feee3525e94c1f92cee53b59cb9ae761
docs/admin-crud/34-PHASE9-COMPLETION-REPORT.md,2761,08eb2e56cceb536f590b807e6efe3b7e85fd2e7c8e6d9b8cca6ffd1c0cae0a3b
docs/admin-crud/35-PHASE10-START-PACK.md,1539,a35e4c647a15a1cb4e1cfb1e22c19c63e225738178491d215d65cf6d97362159
docs/admin-crud/36-PHASE10-COMPLETION-REPORT.md,1015,42d5477a24bcfc89a3a0df929f9beef12e6a80288f79ab945767810ed7ac2420
docs/admin-crud/37-PHASE11-START-PACK.md,558,b5a08cfb26ccd1b92c38f29ab38d91a4ce5d1f26dc9ade01e1db9eba02817103
docs/admin-crud/38-PHASE11-COMPLETION-REPORT.md,2463,44ccf39dc3be9d70334bc2e92f250414339b188ecb60b04c316b1f8e2965cf25
docs/admin-crud/39-PHASE12-START-PACK.md,1080,a31bc3629484e017ccc128428c8dfa3b43f91a66d45d8eafc2a4cf98b8d6926d
docs/admin-crud/40-PHASE12-COMPLETION-REPORT.md,1818,1190495b1b26fe95f8d140fd1583adde034c2fb121b92efffec42d09dafb2c59
docs/admin-crud/41-PHASE13-START-PACK.md,1023,a4e1616221754393d7b3aabeb9c61043818be284d9f4d5ab2d8b1985b8e0e266
docs/admin-crud/42-PHASE13-COMPLETION-REPORT.md,2892,3b79f071e53098736d447a25539fe3e8bc691d628658d3cc5880068f91019203
docs/admin-crud/43-PHASE14-START-PACK.md,1159,cd51f30e43d109a849c7b00a0ea9748aa8472d96dacdfbf39cd05f95bbf8b336
docs/admin-crud/44-PHASE14-COMPLETION-REPORT.md,2466,dcb72b90443da3b0d2323bf9e2ce10476ae3be2f5bb7dad85c2d01fee5683d44
docs/admin-crud/45-PHASE15-START-PACK.md,1057,e452f49fc3b078d09fc26cc7895be652a69671bb9d010d97a08b21d8fb0ba270
docs/admin-crud/46-PHASE15-COMPLETION-REPORT.md,1405,e9ab2c1bb1621d53d3657a3ec95f1bddedf4279a0e1ccd6ab780e4a36bc33694
docs/admin-crud/47-PHASE16-START-PACK.md,856,1e29f19489d2341aa76f0c2d0f68ca172e465313a6110772c4cb8f4fa4a3defe
docs/admin-crud/48-PHASE16-COMPLETION-REPORT.md,1336,f3af9fc1ec3f00bed721823df9410eaf0155a914b0f34ce71cf1d57f0a71896c
docs/admin-crud/49-PHASE17-START-PACK.md,972,afc1d820fb3d78dd5658231d2eb9ae1b83dc1e5e6485dd1bd9a71e536e955f65
docs/admin-crud/50-PHASE17-START-PACK.md,1014,8e5429e1e2912173269fdff24b67a2aba1e759f0dc82cf10d5ba3e558433e340
docs/admin-crud/51-PHASE17-COMPLETION-REPORT.md,2200,4ce5c1612aaf3e5c9f40cf2b5c9c0ea870bb7ff91065656fab322a785ba78bcd
docs/admin-crud/52-PHASE18-START-PACK.md,963,fad8b72f81a96f802755fee326344df7db5de93e46de157528ef3f0c41a83cbe
docs/admin-crud/53-PHASE17-POST-INSTALL-VERIFICATION.md,1243,d917a25f128b0a9ddc9dd022da915c94a0672ad5a1e766c6f75e2e9213993268
docs/admin-crud/54-PHASE18-COMPLETION-REPORT.md,2642,fe5efc12c6dec3d8da40c3e8e8ad443811fb8cd16e95b70bc8e7849dc4edc5e8
docs/admin-crud/55-PHASE19-START-PACK.md,693,3e9adfccb0fc24c733a6d97ff377ffd3c4323c99484a599e0d6284f54c22c199
docs/admin-crud/56-PHASE19-COMPLETION-REPORT.md,2831,23cc877b53d54f7eec2e669976798aad2e15f4d28a9164c2d17651f84b7b3b35
docs/admin-crud/57-PHASE20-START-PACK.md,736,63e0260aa18a704ed10c0d4d8a9fc907b65e223c0823013d3355d2ba2664932c
docs/admin-crud/ADMIN-UI-REGRESSION-AFTER-PHASE3.txt,59,b784c4576c85fb01aed6f297070a713d70d9045596c0d1f464bb9c509aa41326
docs/admin-crud/ADMIN-UI-REGRESSION-AFTER-PHASE4.txt,224,b555d9297c11791601805deeb46368ef300ad30e7b90b3494288f764a92fe69b
docs/admin-crud/PHASE-TRACKER.md,1237,d1d17c6780495c55836ac2897c2cd46d5506ff0c07b34d98671e0548b6e0aa80
docs/admin-crud/PHASE1-FILE-HASHES.sha256,776,def357057c366d7b4eca8b3c7f75f46a7f7b39870cf375d3ff5509a5b7c15aad
docs/admin-crud/PHASE1-REGRESSION-AFTER-PHASE3.txt,2669,d02de66afbdbe375aa854a120dc19ba3a204ad8130108066ad05ee4726871b00
docs/admin-crud/PHASE1-REGRESSION-AFTER-PHASE4.txt,78,0e292d0f50f2fd6331db746cefd45bdded09693cf027697cedf81a1d0f8bd32e
docs/admin-crud/PHASE1-VERIFICATION-AFTER-PHASE2.txt,2738,c82da7a17e709cb1cb9724980bc370c9e7484b054c3c0cd48e682d864b863987
docs/admin-crud/PHASE1-VERIFICATION-RESULT.txt,709,f06108cb2b46b3f18a077091af9004e1422fac2e536289144d7de416b8f2edf7
docs/admin-crud/PHASE10-VERIFICATION-RESULT.txt,1148,c7e36412771587ab6032010d34b5d070475e9c6f9cdd2f60d3ec13b0a6ba2176
docs/admin-crud/PHASE11-FULL-NPM-TEST-ATTEMPT.txt,25881,9f2d304d8cc83e39a431cda8950c77e759f2200804a299ef8794c550aca91b44
docs/admin-crud/PHASE11-LIVE-DR-GATE.txt,345,71987cda1a569b1ee1afeadfcd745f98c2fe7b9fdb64adc1f7a7c38799c6a508
docs/admin-crud/PHASE11-SYNTAX-ALL-RESULT.txt,0,e3b0c44298fc1c149afbf4c8996fb92427ae41e4649b934ca495991b7852b855
docs/admin-crud/PHASE11-SYNTAX-RESULT.txt,0,e3b0c44298fc1c149afbf4c8996fb92427ae41e4649b934ca495991b7852b855
docs/admin-crud/PHASE11-TEST-SUMMARY.txt,460,4f38d94d8449a3fba6edd179b4f3a8868f3f92260e01ecb935044b2d78fad3a9
docs/admin-crud/PHASE11-VERIFICATION-RESULT.txt,877,26091a2883c80ead6190c841f80b4fef81a48a5837a26d75f4fc1208cf2a9a51
docs/admin-crud/PHASE12-VERIFICATION-RESULT.txt,1469,2b5db5a25fdaf6e05c7507bb7492ac1d77a69c80bc982b780b972ec425bb26e7
docs/admin-crud/PHASE14-FULL-NPM-CI-ATTEMPT.txt,778,5f44cbf0d66684b166f3a2f5266f4b793d1c102e0091bc8b7ea045aad72b7527
docs/admin-crud/PHASE14-FULL-NPM-TEST-ATTEMPT.txt,627,e96981f178e28ca4a5479a4572a33202f2b6e446d6264363930340fe29f9d5be
docs/admin-crud/PHASE14-VERIFICATION-RESULT.txt,2215,f4e997d695bbca0a8918e1f423e6db24763a4c6b95784137948ff540536e5eef
docs/admin-crud/PHASE15-FULL-NPM-CI-ATTEMPT.txt,471,6bd3791cee1382d3b679b96ba811ab86ee1539ca9ab05903e035b35aadbfa195
docs/admin-crud/PHASE15-FULL-NPM-TEST-ATTEMPT.txt,421,37a25f8f98ca79b451d04bf66a4d875449449a1815013f827240ac5d188f5a8d
docs/admin-crud/PHASE15-LIVE-STATUS.txt,614,f0b6edb5997600c0ddf9e8e36d3c2373bd3e4f7a45be73c4ab39db4839780a1b
docs/admin-crud/PHASE15-RELEASE-ARTIFACT-SHA256.txt,97,e3b21dfac3a2b462d468b0a4b4e3aa4a26ad6430d0c90af7a0c50e37955e51d7
docs/admin-crud/PHASE15-VERIFICATION-RESULT.txt,2279,ff83b8fc5617b407c121fab9b2ce26d8a7c81749425df0f0439d4604430b2f0f
docs/admin-crud/PHASE16-CLEAN-NPM-CI-STATUS.txt,398,b97bc5833d0bbab7acdd1def5b0c8ab8a3730270c51c26fae8dc92122adf569c
docs/admin-crud/PHASE16-FULL-NPM-TEST-ATTEMPT.txt,465,caace8e2cdf7bd6098543930a5b5dd7a17895817f1e8e4b09afe341658be4512
docs/admin-crud/PHASE16-VERIFICATION-RESULT.txt,850,b92faa8a75010532fcf1a44774c7e8a0bf1169bd9773ceae44dbea279f744585
docs/admin-crud/PHASE2-FULL-TEST-ATTEMPT.txt,20917,d7cbc02e82e6bcb556b8fcd41abc224c799b8d36090b49d7ee46bdebe694a8e8
docs/admin-crud/PHASE2-REGRESSION-AFTER-PHASE3.txt,2291,400f52b878805aa215d988e6dc4659d6cbec76a1cdec87c6d38c437b773dc147
docs/admin-crud/PHASE2-REGRESSION-AFTER-PHASE4.txt,78,ec62065ba297be6812e5da9d4724580a16d2bc3b446c858380612bac45941bc0
docs/admin-crud/PHASE2-STABLE-FILE-HASHES.sha256,274,a9e5471ed7f032df147dcb574db960747b48c86bd94ee87368281ba019d387b6
docs/admin-crud/PHASE2-UI-VERIFICATION-RESULT.txt,133,20453b9adf5d646d0f9a3b5af960b4dc9ea8dbee3d41014118ccf7979f20b1d3
docs/admin-crud/PHASE2-UNIT-TEST-RESULT.txt,1865,ae4e7108f9ad448041799e963a1bf96ce9131d4766644b7f600b91bae723f7de
docs/admin-crud/PHASE2-VERIFICATION-RESULT.txt,2360,29f3cfce0df4681868806d3598529bbc9de9ab4db286fe7fcef2c5aa90b514c8
docs/admin-crud/PHASE3-FULL-TEST-ATTEMPT.txt,22218,7816273638929db5d6a1ab111539cb2b4fef6836047a7ba5054c03e5f63b5a18
docs/admin-crud/PHASE3-REGRESSION-AFTER-PHASE4.txt,78,911088f9088e4a4ec34315631e6b51ee5d17786e1db23d3d909e8afa7fb3dd1c
docs/admin-crud/PHASE3-UNIT-TEST-RESULT.txt,1228,81fd6d8e56fa84310f700e5ee7c9690e289c944c589c11c7ff00e6e3b1e6ee2b
docs/admin-crud/PHASE4-FULL-NPM-TEST-OUTPUT.txt,23157,3b9d217d6b0fcf22ac22221f9fc01a2ea8f1dcd43bb11ff5112d8a3d20a9e869
docs/admin-crud/PHASE4-FULL-TEST-ATTEMPT.txt,422,84b61bc7f1d60af4059d00b9596f48eaf7dc6039f3199c17ed697086a2fbd9c4
docs/admin-crud/PHASE4-PUBLIC-ROUTE-HASH.txt,100,8e3e1ecc7384ba3676308228d56776a1c7cc883be61dc4f0d08c6db86eb60f75
docs/admin-crud/PHASE4-UNIT-TEST-RESULT.txt,199,58054cc4877d5682e40bcc1471de9c2243641ffd6210c4a66b6882978d024814
docs/admin-crud/PHASE4-VERIFICATION-RESULT.txt,1990,93913a2d9fcbb33a2c93836b9eb27f5e51b4439dcb14fa65085de453080a5aed
docs/admin-crud/PHASE5-VERIFICATION-RESULT.txt,321,ec205faac2f62ca093987de2b062f50d7eec4ec549516d5d3072887877362f93
docs/admin-crud/PHASE6-FULL-TEST-ATTEMPT.txt,339,3d1eb409a875c92d4151dfc9936588da3eb80686bd0c9463717fd27c29825a5c
docs/admin-crud/PHASE6-PUBLIC-ROUTE-HASH.txt,100,8e3e1ecc7384ba3676308228d56776a1c7cc883be61dc4f0d08c6db86eb60f75
docs/admin-crud/PHASE6-VERIFICATION-RESULT.txt,362,486b9eddd8d2d3e53faffa7044990503fd3898e8114f1ffc71e08978a83c1894
docs/admin-crud/PHASE7-FULL-NPM-TEST-OUTPUT.txt,25826,fe27797f1b2b44259f70a9804ceaf5b81dbfb5b0cc06f8d7b7e9adc4c3ef0ac4
docs/admin-crud/PHASE7-PROJECT-FILE-MANIFEST.txt,5677,8eb8db5934f68c623352f4aca9d70cc7d558d9a527cfa8a98ab4dfac696fb67c
docs/admin-crud/PHASE7-VERIFICATION-RESULT.txt,605,fe0c6532d3c76682532eba6c9bd9f57c9875dadc6e3c8419c2e6c470a790cb2f
docs/admin-crud/PHASE8-BROWSER-FOCUSED-TEST.txt,1868,ccc907fdaeed6aa981c0cdfee7fd945a4d557cba4e63d9cdae713797e55838eb
docs/admin-crud/PHASE8-FULL-NPM-TEST-ATTEMPT.txt,26002,75418d9ba49a2d7d461bf6239f84b8207dea9a888045312e75294b5410e59698
docs/admin-crud/PHASE8-PUBLIC-ROUTE-HASH.txt,100,8e3e1ecc7384ba3676308228d56776a1c7cc883be61dc4f0d08c6db86eb60f75
docs/admin-crud/PHASE8-VERIFICATION-RESULT.txt,1242,91d01731d7e8f2f25a2a15ab7d4775c689c2bf234ba00b9541b180c37f83921d
docs/admin-crud/PHASE9-FULL-NPM-CI-ATTEMPT.txt,663,da91f52e0444e097cd03c791f4cb14189c564630967ca5c3fac85138f666ce98
docs/admin-crud/PHASE9-SYNTAX-RESULT.txt,148,4ed7693a482788d0109a9cf269853f2db30406de10999690436db9a0f384a3e8
docs/audit/FILE-FUNCTION-INVENTORY.csv,48901,9a432459907c32ec2bc36b9df9fb829506f3acc57dc3857fa3aec28fbb30b456
docs/next-phases/NEXT-PHASE-MASTER-PLAN.md,8762,3672a1f92e8d7b69539c3c0f707834d66e00dbba520cc9e73ac8dc562a5bb239
docs/next-phases/PHASE20-DATA-DICTIONARY-APPROVAL.md,1880,e924e83ffad084a81a5f8a703165285edda0d6fe8e0bc0a66fffd9e08359da82
docs/next-phases/PHASE21-DATA-MODEL-APPROVAL.md,2080,29978991533854cc06a8f87647d1d9bd40bc564c24a1fd09dbeb00506dd36ecf
docs/next-phases/PHASE22-IMPLEMENTATION-INDEX.md,772,36590d9ed06ee6c9e819b3880a8c707552362c8d653fa1a2f57737c524802752
docs/next-phases/PHASE22-IMPLEMENTATION.md,1743,af5be7a3a30b6865a7572345150482061a951155aabea3fab520c47e4889a752
docs/next-phases/architecture/API-EXTENSION-PLAN.md,1473,4126b2d875f29d88474a419b3f6d4a924185e503ce1645c4aa862465f7bd0a0a
docs/next-phases/architecture/GAP-ANALYSIS.md,2279,ad967ad81e081d1dd0ff2837119faa641011de4e1dc7f48f8dbfb4386c6a604d
docs/next-phases/architecture/PHASE22-API-CONTRACT.md,1024,310697094d2eb10fac56189c8540d2963abbe97056c056ddfea851dd0f6aae89
docs/next-phases/data-model/004_expanded_scouting_model.sql,16855,800aee3e9beed3db9814932b958fe25d098a175e7b08785f15985ddc743f9dec
docs/next-phases/data-model/CANONICAL-SCHEMA.md,3537,93d06fe08c7d35bbd4fe4123b396237d954dbf26ecc2805e881037e05b4180a9
docs/next-phases/data-model/field-dictionary.json,18925,39c51555687f834e08611cc4270c43e183f6f016fe7f3262884bfa0642de7018
docs/next-phases/import-mapping/EXTERNAL-STRUCTURE-REVIEW.md,1858,63c7feb772dd80466f2682ccfbc5098474c0c7bb55a4ff569ca39a59516b1ae8
docs/next-phases/import-mapping/field-mapping-matrix.csv,3704,f94d699dc87e4930260ba86d973f13512ababe085bf9bccdb8f141ad95eef97c
docs/next-phases/import-mapping/source-adapters.json,3283,b23ae2a542fd94fdb6724de0583a1f19a29a33271ce209643ec30e2421dee002
docs/next-phases/milestones/PHASE20-29-EXECUTION-PLAN.md,3149,7b74a23f791fb09ef1317a8f19354d3c7edda3353802fec42c1770f5452e4390
docs/next-phases/source-inventory.csv,918,17a9ecc159bb6352a49ecdad7e9e4fa168ba9bab26074191015e08a1940155a2
docs/next-phases/templates/SCOUT-REPORT-CANONICAL-IMPORT-TEMPLATE.xlsx,5339,a75b225ee5a79baf338903fb5e1cef27792279588e540594d2830f1a267f78f4
docs/next-phases/templates/digital_scouting.csv,253,68d5f5b285d57d3b9dec843ea4f7d8b7051ca2e866f6f556492bb35ebb78e0c1
docs/next-phases/templates/kenya_ipm_surveillance.csv,213,c6a64a7026149f46ffb3abf6505b57f9dfde75208eb904bb1a5d5bd37e68be4d
docs/next-phases/templates/legacy_flat_scout_report.csv,171,c75efb5db9b242cab370287a848ae9ac6c4f9c486aeeac3d1e6d9deca2b3e97a
docs/next-phases/templates/uw_style_survey_stops.csv,310,63f34dab66bd89c16769ec744ebbbfc593b38976b5e86b2439b207c678c5e1dc
docs/next-phases/testing/PHASE20-29-TEST-MATRIX.md,971,b2609cbd87117171790d421e8ee513e66de13c13252cb63f225b1a2413cf97cc
docs/next-phases/testing/PHASE20-VERIFICATION-2026-08-11.md,1477,c5e747f02a3c96bead4e95a506d4ef42573cc4f34bd92c69fb56595ced502fdf
docs/next-phases/testing/PHASE21-VERIFICATION-2026-08-11.md,1224,e26e87f67586026999b860d341ee93aa4fb4e2013be6da431579b8f16169be8f
docs/next-phases/testing/PHASE22-EXECUTION-LOG-2026-08-12.txt,1144,1ba29d39ef560688c217a908a22b8de4f3d1edf7cbfdabfd0d551cd7b4338d55
docs/next-phases/testing/PHASE22-VERIFICATION-2026-08-12.md,1527,2077d5820924073da4b3f756d8b15c6e495bd5026824869018a6ccf958fb7b05
docs/operations/INCIDENT-ACTION-REGISTER.md,384,dacc618cad3ab0950ed4cb9f9834496df2d33bc45210d3677305bc292aea0c1a
docs/operations/PHASE11-DR-TEST-RECORD-TEMPLATE.md,448,e47a7db6d74bef16b946ee86943d8bcab6aab3ddd05361d0fc8d30f118ff3619
docs/operations/PHASE14-LIVE-EVIDENCE.md,1032,c0c918446c5578e7b2ca28ccbaff83964adfef15ef5f6eb2d60b8db0dd21b67f
docs/operations/PHASE15-LIVE-EVIDENCE.md,1674,7fa06a68155982ac6c35157205bf7a9a1437d07747006c7736c8ecc256baa531
docs/operations/PHASE16-LIVE-EVIDENCE.md,875,85210189be66c301f411ed617b492ef82835ae32633619365ec1613371c9d4ab
docs/operations/PHASE17-LIVE-EVIDENCE.md,1817,e2493006b3cfaffd3996dc5a4bdf8a2f38aa7f9d45cecce5355b5e120fe563b1
docs/operations/PHASE17-LOCAL-ACCEPTANCE-UPDATE-2026-08-10.md,5053,eca8b5815ad22d9d0ba4c0e7f79132f69132b45e20a4736fdb266524c5bc7cd4
docs/operations/PHASE17-LOCAL-ACCEPTANCE.md,1926,e8b17acc7692388fc7faa8e53844c6182b83ac06dae3a9609d51936eedaf5cf4
docs/operations/PHASE18-DR-ROLLBACK-RECORD.md,827,4ac6ac6ee6ed22a2bff367d0df05317b9cff4eeab4a10983a3339ad8c9973260
docs/operations/PHASE18-LIVE-EVIDENCE.md,3049,71f8631f24d71c844581a8113b2af3457dcbbd452863933e776025f618d41667
docs/operations/PHASE18-LOCAL-ACCEPTANCE-2026-08-10.md,1674,0ab09f47c1044691864de262d3f8a76c6a0ae7463dcce9e99ef5d4aaf722adee
docs/operations/PHASE18-RELEASE-RUNBOOK.md,2095,f77557a5301cca5bf6aa10d551f88ac4bd90fc25fb99e661e70f92cbf8c3b071
docs/operations/PHASE18-VERIFICATION-RESULT-2026-08-10.md,1805,2ceac88e77a313f5b7634b11492e0412529dcd60082bf41082bad616811778e4
docs/operations/PHASE19-DEPENDENCY-RECOVERY-2026-08-10.md,2056,eb74bdc42ed2d3d89a70610d35abe0ae0a699f2c9157a46bf013c04717f71a4d
docs/operations/PHASE19-DR-ROLLBACK-RECORD.md,604,12b48a926f2709d7e16e57e5e7547ce32977aefee23ac88e514171ed1bd1ba2b
docs/operations/PHASE19-LIVE-EVIDENCE.md,1949,d58a5ab5da5e7cf8ea11d1055071f04cc993268186634548dbc387709c215469
docs/operations/PHASE19-LOCAL-ACCEPTANCE-2026-08-10.md,1184,0c9afdf784409efc47cd35baf44e069089cf6edc2c2a0cfb5e2dfefb81970858
docs/operations/PHASE19-RELEASE-RUNBOOK.md,1182,ceacb91a64edf1307de90d898def2e368d15c669d793dd366ca9065c3a9abef4
docs/operations/RELIABILITY-REVIEW-TEMPLATE.md,538,387ab8b581a65650fce20827ed939496098d7b3da47d5c51e352cebf9d5c9448
docs/operations/SLO-REPORT-TEMPLATE.md,725,98b7c2023cc1357dbd2938bd18d6add61cce3d2e6fe95748e84cb323b260131e
docs/phase20/PHASE20-VERIFICATION-LOG.txt,474,357b0fee013f8e0abe61a3dbd257e66844149156b7c1086ca4d4d262ed65c8a4
docs/phase20/Scout-Report-Phase20-Completion-Verification-2026-08-11.docx,38168,bc94d4fadf86a8316e55809b668a6a656353e925ee38f311fb5e036e84dd2a72
docs/phase20/Scout-Report-Phase20-Completion-Verification-2026-08-11.pdf,3573,675b778a2be5b55560c4b3cc9dbf47deae87821015cc14d787e5fa8dfaee873d
docs/phase21/Scout-Report-Phase21-Completion-Verification-2026-08-11.docx,37951,346107a4360246c18576b7cd63065447482fe2532c1ca6e8f8d08f1263bbbabf
docs/phase21/Scout-Report-Phase21-Completion-Verification-2026-08-11.pdf,4239,ff1a28639540d41c733818664b7f9a5135a56b3348a92071abede8f64f738d5b
docs/phase22-master-import/Master-Column-Inventory.xlsx,7415,ea1a1f80d7572474e7f52aad432f998732cbca2d15cdbbb902b124b1010be235
docs/phase22-master-import/PHASE22-MASTER-IMPORT-INTEGRATION.md,1741,bddc98bc7da90d8c2e59a3b9ba16af42ef4f461268a36b86b71b6af5e5ecc16b
docs/phase22-master-import/Phase22-Master-Import-Implementation-Report.docx,38798,83e824655d648921cc1b3b30fd37d7bfa855d7eb3bb974115d8a357782168b29
docs/phase22-master-import/crop-reference.csv,80605,2dbe8f8e8f1f19f5e9ae6a7f1b6083e18c333f4732bb3c9b2aa38d07eb3a3ba4
docs/phase22-master-import/master-import-schema.json,16496,cc3a43e4287b1faed7ef11a834f101af8321f61d29f3324e2a877a6d93c721b6
docs/phase22-master-import/master-reference-data-manifest.json,83063,c7dd905494d99b9d065965aea115c8a9f687237759ddbcf7dc3a25b780705012
docs/phase22-master-import/master_column_inventory.csv,8558,14d1f334848edb0a90d5ce0f9726b517c2033b854f530d933b13e2990890dc58
docs/phase22-master-import/observation-reference.csv,951,bf17bc897ac806efa352a241a2eb7823230e87db0e484876d86f2feeba8d776b
docs/phase22-master-import/source-headings.txt,738,52a014491c9353a6eef33b8fe866c9e0045c82170b9bb190feb3cb44bfcb5a3e
docs/phase22-master-import/source/Combined-Scout-Report-Master-ver_21-2026.xlsx,8366252,ee642c72e01413e8ff1061e94db7bfddcd008220da0c18b6ff7cbf6fda3ac28c
docs/phase26-import/source/Combined-Scout-Report-Master-ver_24-2026.xlsx,8368806,5b139dcfa31f68107ebc1dd2842db1cefc06c86786d2aededb7814572d18f340
docs/phase30/ARCHITECTURE.md,3607,7481c087e03e2cb6edb1ad90edf4bce24aa2e68f4a02ffc84d57c45c0f08a367
docs/phase30/PHASE30.md,10368,60f94ef5f80637b0173461765a13e373fe4bbd75414191012fbb1dc4cb451ea6
docs/phase30/TEST-REPORT.md,1853,e8033ae45679f4419bd5d97f63273821d1e07c5ad416678f618b14bc772b3770
docs/qa/01_END_TO_END_QA_AND_REQUIREMENTS_REVIEW.md,10533,a7e2ff56084372566198b25944761180d9b36d058af41b731e9ee398d83da7c2
docs/qa/02_TEST_EXECUTION_RECORD.md,1004,8f6fad231905622068ced0db5c3a72c53be4c655597df1df546b6ee76ac67608
docs/qa/TEST-DATA-PLAN.md,542,4a7a969131981c11f7ab4574c96b23e4dd950dd8ffc1f9e689f99f73bebe8497
docs/qa/acceptance-checklist.json,1355,2e94bdb761588c51b5a3eb0347b481230fccffa710d925e0b5f1754cecb32a7f
docs/qa/focused-form-test-output.txt,2531,385e37b9d8bf1c5647768a0420aa5996713b483f39cbcffe3b334bc898f19db2
docs/qa/full-npm-test-output.txt,196,01660aca53407e7b3abadae2068cbeecd6cadef645fdb2a1433b9a3392c35854
docs/workflow/ACCEPTANCE-TESTS.md,942,b3dcdc5a8f479ea21a539e4a17770cabbcffd23b081f4fe0e022ed6ae09cf5dd
docs/workflow/FILE-MANIFEST.txt,522,f0e47816953ae2f14c124455c00722aa304cc13a46594323055d3f841103c675
docs/workflow/OPERATIONS.md,1863,93ca2b74a3d29c1e525f968d5d20f4bd54fede69a165753610320b59d321314b
docs/workflow/PHASE20-COMPLETION-REPORT.md,2097,a422ed24f39a0c8ddc503ebc8399f87c832b1b3358d5e60a0c8bfc130102a621
docs/workflow/PHASE22-HOD-AUTH-REMEDIATION-2026-08-12.md,3086,d25f14e1e50f040e94001c42e1f79dc6a0f937f92a31cf8ea85a7e6cf864f83e
docs/workflow/README.md,2313,82048eca7fa690a2c915ab40fe1966ce9b7a45a14f4824755b36a3e1a14e78c9
docs/workflow/REBASE-2026-08-10.md,1426,8b91ab93140ffdf674dbcd8d2de25aa3aef94bb66a99e2fef7440f053edc0360
files.txt,324878,bbbbf07cb4098988ec88952839aa3bdd5c9a99521f9dea9cb83a4b1fe717d577
full-npm-test-attempt-2026-08-12.txt,195,670a264692d553cc0b9748fc596c992aa8365fef3d2bb6edbb5c9e3f0e45de3e
jsconfig.json,443,dfc0a1c9b387458c890f229ce65fa85f56464496b184ebb7ee19a657b628ac85
ops/backup-recovery.md,1215,45adf983729cb0b18d0b5db2e42428ee6b3bc266fca0bf257b4214f5131dea85
ops/continuous-improvement.md,890,f907e37db3de9253db6a18c86468d2c5ad284fcd23e60c8d7dab4da2df1c150b
ops/deployment-checklist.md,1294,7c22a1061e0d1f3c4cb16fc8d084ee5551f77adc8d8367868e4b6264e7e43e6f
ops/incident-response.md,1025,fd370ebe680123e1c25a345f16ece05d139b0f4ffdce98a29e64b9c2afa32b76
ops/maintenance-policy.md,836,a1d87a6bd984c8653a704a67f99bafdfa4eefa30b39f9568d6519faf0fc6205a
ops/monitoring.md,1217,3402e6af2a42555c0a2b0f6f1bbceaf96387154397482e43922dec1425623f0e
ops/observability/README.md,698,bca918d10748056328921ad737f97902c5e231ca73097e930341ddd5c832c6f7
ops/observability/config.yml,505,42c107f228ef22485b6155be42dd6ae7056cd2c7066ac7507de25bc16feb1521
ops/rollback-runbook.md,1122,6eda3b63a8e80d3e8a1305be3d6ccc59adc859b913fdd20223ebc6afc43df5a1
ops/slo-baseline.md,1270,ea4cf4981c94f571e7d23203b44674a433922b8ae434f1e28948950f287fc913
ops/support-handover.md,750,1aa1ab439b14793294f7caf5b4ec40a9757cf5710c86d89942d175c37d2622d1
package-lock.json,49755,63e47c5cc28b1c6d54b16ed65b2dbea4ee1d0d17bc034d0ccf5291e5d8e43392
package.json,3460,d94ce9c6b8c437de2cbdfee98146a7f6b0846b9f380e53d729341790fe037a21
path-audit-report.md,1680,c4dc31a6f125046a220109b5ed366cdf6c446e3ae1460c5e5034c9a109d90243
previews/README.md,5981,a68cd97b72237770d0640af17806afddcef77c43a6f9b7315b80a1974bd9b775
previews/admin-dashboard.html,63703,2a940a025a618b40c5fc08e5bd830e907610fb7c1aea705780492eeacb927992
previews/admin-reference.js,2821,4a6a80e3c4ec5a7446992339759ec5a7e0f670f8bd6e86b073e46d065759203e
previews/admin-reference.test.js,2454,1b223afe63b867ae78afaaac5484c2ff60eae3ffe014988bb97aa22145ac18c9
previews/admin-users.html,6238,08c96e751d509129a897b6e085e86f99d613512038894706e07c9f16d1039dc0
previews/admin-verification-dashboard.html,3563,c2afaecfa9cc5a56a08b71780ab101112052201f287d6dd4c88b005c20f4223e
previews/auth.js,4619,edbbc89b9e74e84f5f43dc92488a56673b2f16b3c78d9bf81785aa29272890f0
previews/browser-auth.test.js,5571,86b5d66a2a328deab9788bc9afb2d9bb37edfe6fafc7749401d1e5398d091eca
previews/dashboard.html,12461,45cbf579928bc7ecb09355ee59a6b74406aa433915ddf4191559dfd296c5c8bc
previews/head-of-department-dashboard.html,3945,3b15035fc62b20ab383c274afcf18954314c9049b969157fffdf82e030b005c0
previews/index.html,15059,4acbeb3c8887826f0fab72ea16492e257c25f5071b8a23a2244bd77e6800cc55
previews/inter-farm-supervisor-dashboard.html,3942,78de395cd3d96da51dcf29cc498a7c2970f777652d08a6bd2610ac3a627c939f
previews/js/reference-mapping.js,2110,2f873d549cbcb299bed8dca34ae55a6d850d4916e5fb6adec428c0da88f07989
previews/login.html,9761,9c35a0ff5e716f9444d01d464524c0ceaddf1f8aeec400d14bad9043d0d35a2b
previews/master-reference.test.js,4177,e615f7a974b34315f206ae752f5d72f905f53a8c554571fc042a52d76e5b6c18
previews/scout-dashboard.html,8626,8536c7bc8ab2c7bcc7c9f06b1781703ff53932048297836f79a2e2e5ba668824
previews/user-form.html,33114,12e4d02681a12bec162b733e7e4b0cf05653b08fd380ebeb1a3fa895a7c1333b
previews/workflow-dashboard.js,6925,b1b630752aebd7b304e2c39edec9b20ba47f6906893eaed968d62edb1c98dd42
project-tree.txt,4679,a3887e8a74d17598ad60b8f5b89e88cec52ad5a99688797dad4064c52799fc60
scripts/audit-project.js,1584,deb2949ee5671fd32382584607b0c8bfbbb7f9745720ec213683777266412fb0
scripts/backup-postgres.sh,496,9b068b803ca804aa1afde3100b5c4fecf71ce7ce87790f9b98eea830924383ce
scripts/build-release-artifact.sh,534,0b3bff7b836ecc500de817670dae2ebdbe5d8c2c0b4d5c1af8dea5da5a81e0d1
scripts/build_project_documentation.py,11533,1600e9a782f7b06b68d39461ecf43fd128e1cc412a3681b8d83111c6c7d202f0
scripts/clean-project.ps1,654,700e5d758b4ab0388a47edcffd7ced9b2a945e33ea03228eae232cc5c660a250
scripts/generate-reliability-review.js,1398,09899d9876a9ec16e5a8ef6be581133d9137f9c7f22a196c8e63e0e3202623cd
scripts/generate-slo-report.js,1705,a50577ce4b81a10ccc88739922112e6c5800a0a2e4e60917a3111142964ac90d
scripts/kill-port.js,2705,8ebb688e7b29c76bdcfed2bae926376d46ebf2597a4482c27cbda26da105860a
scripts/restore-postgres.sh,489,b639b173b00d44d09e1dbe2f6a760bfb40def686d2948013abd1e099419905cd
scripts/staging-smoke.sh,1401,9ce371d9810385a1cac63f6bc5e97193ce053e1b6ce5a14cf14a6297eb661d30
scripts/verify-admin-dashboard.js,1122,673102ee688b1b3dfaf82c2bd82745c425ae5807a3488768f7f1c56c26c22a1b
scripts/verify-admin-management.js,1009,7e99a65bd954afe340054b046042100accdc83c62d5549944066f470d707b1ef
scripts/verify-auth-fix.js,1605,a48e76484294c9f2049ba2d296140b780f623f87eece8328ec38b6a9b22090c7
scripts/verify-dependencies.js,490,c782b8ae8e2fedd8882dff338eb179cd9af8f65e7f92488d3e73831acd2744df
scripts/verify-hod-workflow.js,1992,84582c71ca90068ea965fcc460c6fefb9b8d21373773d700f6e5f57eff7f5781
scripts/verify-master-form.js,2637,d02dd71b81ff3dafd5385e6cfed1b85478ad0ced171c4721d9c3a797f0e2c1b6
scripts/verify-master-import.js,1452,2f666460a0a58b87cf1dfe26240e884049900c740774c33823bdd7f4a42d4fa5
scripts/verify-phase1.js,5243,0e07d0dfd4398aca4ab324f0f1607a0412ef63160e223d7ae99fcfd4ee331943
scripts/verify-phase10.js,2458,a649192febc482585dff995b4ba3fef499781a740a7d1eefae809641c5607ff2
scripts/verify-phase11.js,2739,d76fd8c66a97c42cff8d2206f61f9992f6b4bfb360980585828b866fd7618baf
scripts/verify-phase12.js,4106,f5b5b4d69b7dfde6594a7abdbac26d5c67b0b6b5678418747347f93a55735d9f
scripts/verify-phase13.js,4245,232ef276ca8207fb854b9703b6053cf6b376de2b5cf6373f8874f8922a2df80e
scripts/verify-phase14.js,4436,3de1a6993d29e896f8cc11c565fb321275025bb302391365aa46b96ed04e1fd4
scripts/verify-phase15.js,4568,49f19cf23af2ce817d525311948b800cb991f5f8ccdb5c08fcf54833df387538
scripts/verify-phase16.js,5886,cdcb9d01e3f165fc97ce1688f39551f5dbef09415d9206ca84b781d174a0a37e
scripts/verify-phase17.js,5368,255aa0de4eecf3cafa0f4cdb0f200c90179d29fcabc1c00122a25c3fb62b690f
scripts/verify-phase18.js,6999,43519e6fbb92680a78d3d033808fd3761eba8d58998485fdf46c7d181d167497
scripts/verify-phase19.js,8168,6b4ca059bfad3bcd0fc924b30bbd90eaa97927895252e59febed944536e9f1ef
scripts/verify-phase2.js,4956,7ab72c2a45f9234e96d1660a15b7b8a7c92a501309fed64495a0aad4f023c322
scripts/verify-phase20.js,2722,dc4911e6ebf81284e1bdac8762b0b5e71d8387732a9210296f42707e74932eb9
scripts/verify-phase21.js,3611,fa0e3ba0b4996a086190d170563ea74a7ff8a1c7ce15f150db337f731b3e1806
scripts/verify-phase22.js,1140,a44fdd62fbced465787694c704abfdc277247187376735f59814d71ea0c6f3a7
scripts/verify-phase23.js,3317,1194d77508e32efe36887b401eb72d87b68dc5d897e763f104a4a5dba140e2e6
scripts/verify-phase26.js,2755,da34c925fd5352cac024ad45c81683144aae5e2507d89dbaa0e1ba57d759b1e0
scripts/verify-phase3.js,3353,bd5725267e22194b8ac68fd4e4e03124217ef5974d1e0401f9a2f849fa713052
scripts/verify-phase4.js,3025,e9b02dd8001e1dd69d9442002e75046a4ae88fd92338978bd8f00ce7c1eaf335
scripts/verify-phase5.js,3327,312f5a29009cd77a6a622897347b3d1fa9dc246ff81260c1725323851997d278
scripts/verify-phase6.js,3469,aa4e819b63d2657ee168ad1a626d931927a0ff3204ec0ae3b65327a44ba1a424
scripts/verify-phase7.js,1939,2f8a30e0dcb7edb380dc98b5ba6f4358b1a4efc043d2f147e703e5c0cc4e1a39
scripts/verify-phase8.js,4348,a74a49d5e97a995ac39b2f802ef5537b724a2056bb2fbb59212671ac6ca3b0e7
scripts/verify-phase9.js,3836,930892ea0a4ff969e83599071e7e902f3be210019e077bf029c5c81d60d90e21
server/admin-crop-type.controller.test.js,2502,e8a6bed6b52a633485ca86c196e790e2a26e74dac3c87341666752282eaaee3c
server/admin-crop-variety.controller.test.js,2845,665494c1bfc72f6700b18cfc7ca36c84f0b97883e6f6a1039c89eabed5f878cd
server/admin-disease.controller.test.js,2422,0729ddc1b19f20b911096e2469b29c6696f968583335b421cdcfdc9371a5f845
server/admin-pest.controller.test.js,2337,afd09a1772228f85edd448c0a30219a71d42b9dde9bb040049e836f3ced586da
server/admin-reference.controller.test.js,3307,c59220076ddcb03cc32d5952261f29f53e3457d5ccb6c3d83aea138341717ac4
server/admin-users.controller.test.js,3041,5c9f9db58afb663867956f64bc03832898b5e412744ba841b386587337aef1e0
server/app.js,5743,17d6de93eae1c45f5f2abf9e609e0ebde48a839bc88ae3a75a333518e1274443
server/app.test.js,22596,a6ce209e6aadfeced6f7dd86b0a246194d49557813d874514a939d53eedcd172
server/auth-regression.test.js,3138,d4d9ff16a78a19a0f41fd1d8dc3f33fdc8ba9fe3ac3d91598dd67706d4247f0e
server/auth.js,19458,7af10e00553758a9a457e18c8c4a0581084fc3d521020b4fc7345e1748f1e911
server/auth.test.js,12165,178f940288f79592d9a4252dd1d67be8f46bcd973f7e58f97f58218b76f0700d
server/canonical-model.js,1035,5c75a6faa9cd5a64ef25b37473ba3ce59a9084c23594635bd38efc92c2e455fc
server/canonical-model.test.js,850,bad52eb92d96bed2b85a1dab32e86f2204cf56d33bf15a856d4c04e9ccddad9f
server/canonical-observations.js,5360,58c05c1eb3f03291ca7b886552f07e5ecbcf306ed01f4f69fc10a8e8de82e20b
server/canonical-report.js,7052,b5116a2e503808ba86120d0cb3a3c0bd74217194db6a7f0c001a11939f6d5fad
server/config/env.js,459,1fb3f62d7043fee40d1324c36df4809b89524a69151cdcefb0f98ae6700b093e
server/controllers/admin/reference.controller.js,8901,74010edfd0045eecafa39559be140f05d3dc3280dbfa7564469e0c0ccf33a1ab
server/controllers/admin/users.controller.js,4482,8578b9aaacbadfa91df69228430981a44ed536c706f0ef4cc32055d72bea1603
server/controllers/auth.controller.js,4554,959a1ff65adf030632aafeea48141f73ab41555dc4d671410d7e83729a3105e4
server/controllers/canonical-observations.controller.js,1334,1974a9b4711cb558570202090fa74f438e297e1577bf87ccf3ef0f98eff39d16
server/controllers/dashboard.controller.js,223,176ef1cb376063d6c4521c8b129217e4334c936c6561ac695e79b68e99939f84
server/controllers/master-import.controller.js,1697,73010240eff4b21ba0f9feee99a6ed3fa8e19208e71dcbf7c9ca5e3a2038ec0d
server/controllers/reference.controller.js,4604,818b410148d2b7d4365f1fbedb2a86f282de4df7982596b04eed24d650bc47b5
server/controllers/report-extension.controller.js,1802,6d9687ea834c886834987ac93ff09d00383e13800650df0e2d66622b75a548bb
server/controllers/report.controller.js,16136,c9669fda1d1ad84790b64c3b4bc77981d7fcaa46d7cff3726b5cedd885855b16
server/controllers/verification-checklist.controller.js,937,007427753818f16dd8765e853f16f6117114c25ae55855db8f6cc14f1b5277a2
server/controllers/workflow.controller.js,1325,d58d8f9733fb49366817feaf129e3c1c57b7fc317773e8f18a1cb27ea5a7770e
server/crop-type.store.test.js,4560,f7d540a74430672be11342d7d85183d8a05148dbcf275834724543bdb6d0cee9
server/crop-variety.store.test.js,4190,fd15bd8e568f3803a2e0d45716fb1c2f35cc758fb815608973318d6d99e526d5
server/dashboard.js,2821,929aa97b939f43a4857a370616e8679225f1bb81f1bf32d18aa5fd0e0c410a97
server/data/master-crop-catalog.json,287864,07d887eb1a8a736d836fda2be995df5e81118f422c44433f53f40d3e8d8a126c
server/data/reference.json,103900,e3168984228b4011295fb282e3d501cd6d9b3b7dde4102ccea8fa82432f0ad18
server/data/reports.json,3173,974fe6b96d85d5c0a07e86495d1f98f9a21ccc568e6b31cfe7122b2c46257698
server/db-store.js,9717,c4067ca35992e254b13ea786f7899d129b84452d6674d83903fa9142afb49b2d
server/db.js,2858,2b0552ca5f0e8ac649021876e27430e4a917331aae730f5129ffca04634948f4
server/disease.store.test.js,4088,7f6ae7e4ecce4c099e3cef0df1841efd20df6dffcb7996050e7cb835ef30449a
server/farm.store.test.js,5794,f9cbd708ec393ad9350f33a64fe36a6fde27091d66878287963045cdd2fa0f76
server/form-config/scout-report.sections.json,3714,e9355e3ef871e844fb5ebd5c27db6591533b0fad2d4b4f044fd381cbc953008e
server/import/field-dictionary.js,1150,ba0c9c298b443cbfbdf111c16ebfde8c4e2d912927b344e3025ec649426bbc8d
server/import/master-import.js,3686,4576f6ca117b43273adb62a9d1bd50af774c591aa04b8997598c429c1fbda6a5
server/import/master-import.service.js,10906,619ca2f70794324c9646dccbe2370e99b6703bc106159873169367ff37ec1f0b
server/import/master-import.test.js,1265,b7dd177f7a642b2406b823583fe42847015296cec87da4448e624f7edf813082
server/import/normalize.js,2441,d796526c6c30fe90aa4c9534caa3a40a3747bb89a90e88aa7f52188731d319f2
server/import/normalize.test.js,1812,de192de6e2a1474095678987ad501142ff98fe7ca535784bbfd7cee421b97ce0
server/import/source-registry.js,1437,b495304f009f90b612a34f6d33fb4686721fe757913d0ddde4d1f47c05794b6f
server/index.js,8011,564b8430d0bdd6e0a42d45465698c92c2df87a9b3ea51e57b7542d1ece892626
server/integration.runtime.test.js,1406,d7c9fe9891998272f28a2489a614ef159ecdc1ca6f4d4538dcf3d1f9a108f5d0
server/master-form-alignment.test.js,3261,39a44e16f0b29b483e5cde2dd2a58d20ef977cc39df0efbeb07fd531d319def4
server/metrics.js,1283,b0f84e0da34ccf2a38ea340e8c3e0f0a918d47a8a10b908b29417569a8d62325
server/metrics.test.js,931,3b041764a85505e873ea24de881e6575e5e553fef66afad28e1c08e7ae06def9
server/middleware/errorHandler.js,1106,8a51f7a5e49441293802492f8754418eb997564782966141cbd6586fd026ca38
server/middleware/logger.js,1344,0f0e131d1aa16bf3b8d70037424632c57b16be734aac7f5df34bb354aa1f15af
server/middleware/rateLimit.js,748,da052d98bc0a9023aae41a11b08f37ccb6bf747ba85cbc4e401bc17d4a081415
server/middleware/requirePageAuth.js,1146,3caa08f52ec325853ab37756127f5ec3875197c52fc94425925c72d720feaa3f
server/middleware/requireSiteAuth.js,3596,3641f4b50e1f66ae23a34a28554b97b6066be8a83d87107e9f7d097782a455da
server/middleware/securityHeaders.js,682,af08988ffe5e20518c2311cf7a94e8a75ef386c288440f89595c3395a25d3de0
server/migrations/002_report_workflow.sql,2764,56f5fab9d5984a3e6e2c48cdd5066ac516e77b5553e497d9c6d309d1b2b3f971
server/migrations/003_analytics_indexes.sql,419,d0fa213e30443f230bfda13449148b6a9637921b3e9bd2cad32abf832ad72d0d
server/migrations/004_expanded_scouting_model.sql,16855,800aee3e9beed3db9814932b958fe25d098a175e7b08785f15985ddc743f9dec
server/migrations/005_phase22_verification_checklists.sql,766,9d9e20e81088182c1661d74d0cbb7cd0bf5a14102117ae2bf07eafadc339523f
server/migrations/006_phase22_master_import_staging.sql,611,a7fc1949eae3a0e154cc842fd23aed5301086e86b0f210c98bad23f5ac37d56f
server/migrations/007_master_reference_data.sql,517426,314d366247e38835ef8c4bac22d8970f7ec80df426f4f91f9d76a0d0176a25bc
server/migrations/008_phase23_canonical_provenance.sql,539,d3b0fc229e792d1262e7f40d7b90c6387a64fbe3734f7635cb78d7176335b40e
server/migrations/favicon.ico/favicon.ico,35,d33f8a4aa471228f000c22a36dcccd9982994452d7ee05826b4b625a09c258b4
server/migrations/init.sql,7069,1324460c0e0a81bc40b95e4e08f54391dcc05e2f17b13ef6f994cb17a558d8e0
server/pest.store.test.js,3946,c7d63dabf19d5b3bfb2989ea702c55603733491315cb255aa19d31d7a4667216
server/phase22.contract.test.js,2003,b03d8d03cc921bbe3af2e11cb7c95c0e03b32cbc9515eb79981958a4d54ee81d
server/phase23.roundtrip.test.js,2802,1e5e700127cdca125d4001e95929967c34c997c34981431de281e63fc2acaf02
server/report-persistence.contract.test.js,2371,26991d72659263582ef9b48f14db0c517f4dcf437f5d5e82d3991b2601bf9648
server/routes/admin/reference.routes.js,2089,f6d4f49b8208e9586ab897cd3bf4dca4d41c4fb01f143da62a8acbdce4c51710
server/routes/admin/users.routes.js,511,8d52c343ca7b6b2cd6e332febc34344a8899963c8a08b78df249a39f18bd93de
server/routes/auth.routes.js,3055,9cbbafda9338a0d4e291395656eca86adc95707ce53f05e96fe630aea272b7f2
server/routes/canonical-observations.routes.js,531,84d11093e2ada8b5a8dee2aa0913f11dab20f9e9a98deae3796ec8b80de21f7b
server/routes/dashboard.routes.js,338,0fba37d389982edde90048690fdd0c3640fd4eef63ea74b2b3eda88b5aaa88a1
server/routes/health.routes.js,423,1d954f7d851031b85adde378f77807af37573f3187c733dfb7f9162e7544e88c
server/routes/index.js,4379,42e7bdeda3db1195d44472ae0caf9a6746d55a161b1774b85d8178d31fb9f732
server/routes/master-import.routes.js,581,4335d9274e0c0ea3d6abf9a4f83b9faba1ded035bd524ecfd70ab48ddbd018f1
server/routes/metrics.routes.js,327,f8dbcb4d3e0443c5812c2ee1fc19f8b85959b04439d990a6746679cc31ff21b3
server/routes/reference.routes.js,677,5c5216326232e31dc37100aa212e8b9ac605bf3daf2f061cea23c6a039cd20d5
server/routes/report.routes.js,3755,5ee432a77588c43931a1b81fc279459684236fa0696b186321997734988ed753
server/routes/verification-checklist.routes.js,447,6f76413111d35f9c64cd074a80800365b8089d7748da6d830ceadac1226bdd7d
server/routes/workflow.routes.js,724,7e5609969cc8f013b57cc61af3e741c8f38d1d7a7fb1706e53c126e09f28bf3d
server/scripts/migrate.js,685,64ffb2d33d7a1d478dc348dd93641afb863d9c8e18904c9f816f913f84b7961e
server/scripts/verify.js,538,d2ee34d54d3c9daf8365ede2f6266ea95d768fd45deb1f9546c9c9f364c215e1
server/store.crud.test.js,12259,ebfee3680bac712893fe3736afce8c2b66b175885505d123a71001e563d50841
server/store.js,50994,e9513c7a9816694579f1d05af711a86484b08079141129df6529e11a6f516082
server/store.test.js,802,16fb573be5964b6264f2ccb081119d5c94ca822152740b7574f2f051c783fe09
server/verification-checklist.js,4042,f07512a320870e9d13f9af2fbe55b819ec991d0129a82c64361f223946471650
server/workflow.js,3487,f79af13428e644488cb72f8976fafbef7c19f0cf57c00521490ed39b648c62a7
server/workflow.store.js,10989,b2785fc88a7258a94cb5e7b4975f07f53d76d91095cea3aacb1ce4e32abc4823
server/workflow.store.js.bak2,10989,b2785fc88a7258a94cb5e7b4975f07f53d76d91095cea3aacb1ce4e32abc4823
server/workflow.test.js,2227,d8736bc762ba7e561cbe20e8861d64bbd82083133e972af606a8d4ff4780203d
server/xlsx-lite.js,8511,30206cee4a09df11f4392a31725301676952839d058d054dbfe2adab076e2d66
server/xlsx-lite.test.js,394,f28b51ce2ba465d27364eb8195bd048bc0178d3efbca90c4865d7f668e0c298d
targeted-test-output-2026-08-12.txt,1388,4854b84a976440607084aa371ae7a8c5e40a8053dae4e55849fa5ccf93bb903e
