crop_type,variety
Acorus,Mini Acorus Ogon
Acorus,Mini Acorus Variegatus
Acorus,gramineus Argenteostriatus
Acorus,gramineus Ogon
Acorus,gramineus Variegata
Actinidia,Issai
Actinidia,Jenny
Actinidia,Jerry
Adromischus,cristatus
Adromischus,maculatus
Aeonium,77020001
Aeonium,77020002
Aeonium,77020003
Aeonium,77020004
Aeonium,77020005
Aeonium,77020006
Aeonium,77020007
Aeonium,77020008
Aeonium,77020009
Aeonium,77020010
Aeonium,77020011
Aeonium,77020012
Aeonium,77020013
Aeonium,77020014
Aeonium,77020015
Aeonium,77020016
Aeonium,77020017
Aeonium,77020018
Aeonium,77020019
Aeonium,77020020
Aeonium,77020021
Aeonium,77020022
Aeonium,77020023
Aeonium,77020024
Aeonium,77020025
Aeonium,77020026
Aeonium,77020027
Aeonium,77020028
Aeonium,77020029
Aeonium,77020030
Aeonium,77020031
Aeonium,77020032
Aeonium,77020033
Aeonium,77020034
Aeonium,77020035
Aeonium,77020036
Aeonium,77020037
Aeonium,77020038
Aeonium,77020039
Aeonium,77020040
Aeonium,77020041
Aeonium,77020042
Aeonium,77020043
Aeonium,77020044
Aeonium,77020045
Aeonium,77020046
Aeonium,77020047
Aeonium,77020048
Aeonium,77020049
Aeonium,77020050
Aeonium,77020051
Aeonium,77020052
Aeonium,77020053
Aeonium,77020054
Aeonium,77020055
Aeonium,77020056
Aeonium,77020057
Aeonium,77020058
Aeonium,77020059
Aeonium,77020060
Aeonium,77020061
Aeonium,77020062
Aeonium,77020063
Aeonium,77020064
Aeonium,77020065
Aeonium,77020066
Aeonium,77020067
Aeonium,77020068
Aeonium,77020069
Aeonium,77020070
Aeonium,77020071
Aeonium,77020072
Aeonium,77020073
Aeonium,77020074
Aeonium,77020075
Aeonium,77020076
Aeonium,77020077
Aeonium,77020078
Aeonium,77020079
Aeonium,77020080
Aeonium,77020081
Aeonium,77020082
Aeonium,77020083
Aeonium,77020084
Aeonium,77020085
Aeonium,77020087
Aeonium,77020088
Aeonium,77020089
Aeonium,77020090
Aeonium,77020091
Aeonium,77020092
Aeonium,77020093
Aeonium,77020094
Aeonium,77020095
Aeonium,77020096
Aeonium,77020097
Aeonium,77020098
Aeonium,77020099
Aeonium,77020100
Aeonium,77020101
Aeonium,77020102
Aeonium,77020103
Aeonium,77020104
Aeonium,77020105
Aeonium,77020106
Aeonium,77020107
Aeonium,Activation
Aeonium,Admiration
Aeonium,Adoration
Aeonium,Animation
Aeonium,Aspiration
Aeonium,Beautification
Aeonium,Captivation
Aeonium,Celebration
Aeonium,Creation
Aeonium,Decoration
Aeonium,Exaltation
Aeonium,Exclamation
Aeonium,Fascination
Aeonium,Fluctuation
Aeonium,Graduation
Aeonium,Greenification
Aeonium,Idolization
Aeonium,Illumination
Aeonium,Imagination
Aeonium,Insinuation
Aeonium,Inspiration
Aeonium,Jubilation
Aeonium,Kiwi
Aeonium,Liberation
Aeonium,Realization
Aeonium,Revelation
Aeonium,Sensation
Aeonium,Solarisation
Aeonium,Stripification
Aeonium,Variation
Aeonium,arboreum Velour
Aeonium,davidbramwelli Sunburst
Aeonium,dodrantale
Aeonium,pseudotabulaeforme Lily Pad
Aeschynanthus,Lobbianus Variegatus
Aeschynanthus,Monalisa
Aeschynanthus,Rasta
Aeschynanthus,Twister
Aeschynanthus,Unknown A
Aeschynanthus,Variety 1
Aeschynanthus,Variety 10
Aeschynanthus,Variety 12
Aeschynanthus,Variety 13
Aeschynanthus,Variety 14
Aeschynanthus,Variety 2
Aeschynanthus,Variety 3
Aeschynanthus,Variety 4
Aeschynanthus,Variety 5
Aeschynanthus,Variety 6
Aeschynanthus,Variety 8
Aeschynanthus,Variety E
Aeschynanthus,bolero bicolore
Aeschynanthus,japhrolepis
Aeschynanthus,marmoratus
Aeschynanthus,tradescantia
Agapanthus,Bingo Blue (´Andbin´)
Agapanthus,Black Jack
Agapanthus,Charlotte
Agapanthus,Ever Sapphire
Agapanthus,Ever Sparkle
Agapanthus,Ever White
Agapanthus,Firework
Agapanthus,Midnight Moon
Agapanthus,Midnight Sky
Agapanthus,Poppin Star
Agapanthus,Popping Purple
Agapanthus,Fairy Blue
Agapanthus,Fire Spark
Agave,77030001
Agave,attenuata
Agave,attenuata Shaka Koko
Agave,attenuata Shaka Zulu
Agave,Atte A
Agave,Atte B
Agave,Atte C
Agave,Belicius pink
Agave,Belicius purple
Aloë,77040001
Aloë,77040002
Aloë,77040003
Aloë,77040004
Aloë,77040005
Aloë,77040006
Aloë,77040007
Aloë,77040008
Aloë,77040009
Aloë,77040010
Aloë,77040011
Aloë,77040012
Aloë,aristata
Aloë,aristata Akila
Aloë,aristata Ami
Aloë,aristata Amial Hodi
Aloë,aristata Black Moon
Aloë,aristata Full Moon
Aloë,aristata Lunar Eclipse
Aloë,aristata Moonrise
Aloë,aristata Rising Moon
Aloë,aristata Snow
Aloë,aristata Solar Eclipse
Aloë,aristata Super Moon
Aloë,aristata Zambezi
Aloë,mitriformis
Aloë,vera
Aloë,vera Equator
Aloë,vera Grey
Aloë,vera Meridiaan
Aloë,vera Mistral
Aloë,vera Tropical
Aphelandra,Unknown 1
Arctotis,44928
Arctotis,158-01-24
Arctotis,44943
Arctotis,203-01-25
Arctotis,36549
Arctotis,250-01-25
Arctotis,43-01-24
Arctotis,Fire
Arctotis,Orange Red
Arctotis,Pink
Arctotis,Yellow
Arctotis,ferry bronze
Arctotis,ferry orange
Arctotis,17(01)23
Arctotis,10(01)24
Arctotis,09(01)23
Arctotis,09(02)23
Arctotis,06(01)23
Argyranthemum,Argyranthemum spp
Argyranthemum,Dana
Argyranthemum,Simba Pinke with Eye
Argyranthemum,Simba White
Arrhenatherum,elatius ´Variegatum´
Astelia,Red Shadow
Astelia,Silver Shadow
Bacopa,Arusha White
Bacopa,Cali White
Bacopa,Lima Pink
Bacopa,Riara White
Begonia,77050001
Begonia,77050002
Begonia,77050003
Begonia,77050004
Begonia,77050005
Begonia,77050006
Begonia,77050007
Begonia,77050008
Begonia,Rex Brown Forest
Begonia,boliviensis Bicoulor
Begonia,boliviensis Blush
Begonia,boliviensis Deep Rose
Begonia,boliviensis Light Pink
Begonia,boliviensis Orange
Begonia,boliviensis Red
Begonia,boliviensis Yellow
Begonia,bowerae Spirit of Pagai
Begonia,boweri Spirit of Andaman
Begonia,brevirimosa Botanic
Begonia,cleopatrae Botanic
Begonia,conchifolia Bull´s Eye
Begonia,elatior Dark Red (X255)
Begonia,elatior Pink (X265)
Begonia,elatior Red (X153)
Begonia,elatior White (X265)
Begonia,ferox Botanic
Begonia,listada Botanic
Begonia,maculata
Begonia,maculata Cadbury
Begonia,maculata Fortune
Begonia,maculata Pink Spotted
Begonia,maculata Silver Spotted
Begonia,maculata Spirit of Socotra
Begonia,masoniana Rock
Begonia,rex - free to use
Begonia,rex Blend
Begonia,rex Burdeos
Begonia,rex Chic
Begonia,rex Dark Twirl
Begonia,rex Enchanted
Begonia,rex Green Twirl
Begonia,rex Light green
Begonia,rex Noir
Begonia,rex Otoño
Begonia,rex Rudolf
Begonia,rex Sketch
Begonia,rex Soli Mutata
Begonia,rex Spirit of Bali
Begonia,rex Spirit of Batoe
Begonia,rex Spirit of Celebes
Begonia,rex Spirit of Chagos
Begonia,rex Spirit of Comores
Begonia,rex Spirit of Fiji
Begonia,rex Spirit of Flores
Begonia,rex Spirit of Java
Begonia,rex Spirit of Kalimantan
Begonia,rex Spirit of Kwale
Begonia,rex Spirit of Laccadive
Begonia,rex Spirit of Madagascar
Begonia,rex Spirit of Mafia
Begonia,rex Spirit of Mahe
Begonia,rex Spirit of Maledives
Begonia,rex Spirit of Mauritius
Begonia,rex Spirit of Mayotte
Begonia,rex Spirit of Pemba
Begonia,rex Spirit of Reunion
Begonia,rex Spirit of Samoa
Begonia,rex Spirit of Seychelles
Begonia,rex Spirit of Sri Lanka
Begonia,rex Spirit of Sulawesi
Begonia,rex Spirit of Sumatra
Begonia,rex Spirit of Sunda
Begonia,rex Spirit of Tonga
Begonia,rex Spirit of Zanzibar
Begonia,rex Stella
Begonia,rex Teatro
Begonia,sizemoreae
Bidens,1050-01-23
Bidens,1147-01-23
Bidens,1575-02-23
Bidens,44219
Bidens,471916
Bidens,Accra Red
Bidens,Dakar
Bidens,Dark Orange(964-01-22)
Bidens,Lagos Yellow
Bidens,Light Orange
Bidens,Red Orange 2223-01-23
Bidens,Red Star(592-01-22)
Bidens,Tunis
Bidens,Yellow Red 1664-01-22
Bidens,Yellow Red 209-01-23
Bidens,Yellow Red 2326-02-23
Bidens,ferulifolia
Bidens,3192(01)22
Bidens,2021(01)23
Bidens,675(02)23
Buddleja,Black Knight
Buddleja,Blue Sarah (989)
Buddleja,D. White Profusion
Buddleja,Empire Blue
Buddleja,Forever & Ever White (White Swan)
Buddleja,Lilac Turtle
Buddleja,Nanho Blue
Buddleja,Pink Delight
Buddleja,Purple Lion
Buddleja,Red Dragon (966)
Buddleja,Royal Red
Buddleja,White Swan (725)
Callisia,77060001
Callisia,77060002
Callisia,elegans
Callisia,fragrans
Callisia,fragrans Variegata
Callisia,repens Golden Locks
Callisia,repens Rosato
Callisia,repens Turtle
Callisia,soconuscensis Dragon Tail
Calocephalus,Calocephalus
Carex,Acorus Gramineus Argenteostriatus
Carex,Acorus Gramineus Ogon
Carex,Acorus Gramineus Variegata
Carex,Acorus Variegatus
Carex,BB
Carex,BBT
Carex,Brunnea Albovariegata
Carex,Brunnea Aureomarginata
Carex,Brunnea Aureovariegata
Carex,Brunnea Green
Carex,Brunnea Jenneke
Carex,Brunnea Jubilo
Carex,Brunnea Lady Sunshine
Carex,Brunnea Variegata
Carex,Dianella Blue Stream
Carex,Dianella Revoluta Coolvista
Carex,Evergold
Carex,Evergold-S
Carex,Feather Falls
Carex,Foliosissima Irish Green
Carex,ING
Carex,ING 1
Carex,ING 2
Carex,Ice Dancer
Carex,Lomandra Longifolia White Sands
Carex,MW
Carex,Mini Acorus Ogon
Carex,Mini Acorus Variegatus
Carex,Moon Falls
Carex,Morrowii
Carex,Morrowii Fishers Form
Carex,Morrowii Goldband
Carex,Morrowii Ice Dance
Carex,Morrowii Irish Green
Carex,Morrowii Variegata
Carex,Ophiopogon planiscapens Niger
Carex,RP
Carex,Ribbon Falls
Carex,Uncinia Egmontiana
Carex,Uncinia Everflame
Carex,Uncinia Rubrum
Carex,oshimensis Evergold
Carex,oshimensis Evergold-S
Carex,No label 1
Carex,No label 2
Carex,No label 3
Carex,trial varieties
Carex,Miscanthus
ce,Bracteatum Granvia Gold
Celosia,Floriosa
Celosia,Intenz Dark Purple
Celosia,Intenz Improved
Celosia,Intenz Red Pink
Celosia,Intenz White
Celosia,Papaya
Celosia,Twisted Alpha Pink Bright
Celosia,Twisted Amethyst Exp.
Celosia,Twisted Honey
Celosia,Twisted Lime
Celosia,Twisted Orange
Celosia,Twisted Orange Bright
Celosia,Twisted Orange Dark Leaf
Celosia,Twisted Red Current
Celosia,Twisted Red Strawberry
Ceropegia,Bicolor
Ceropegia,linearis
Ceropegia,linearis String of Needles
Ceropegia,linearis variegata
Ceropegia,sandersonii
Ceropegia,woodii
Ceropegia,woodii Green Love
Ceropegia,woodii Ministar
Ceropegia,woodii Silver
Ceropegia,woodii String of Arrows
Ceropegia,woodii Todd Morrowii
Ceropegia,woodii Variegata Purple
Ceropegia,woodii variegata
Chlorophytum,comosum Atlantic
Chlorophytum,comosum Bonnie
Chlorophytum,comosum Bonnie Green
Chlorophytum,comosum Green
Chlorophytum,comosum Green 2
Chlorophytum,comosum Hawaiian
Chlorophytum,comosum Irish
Chlorophytum,comosum Lemon
Chlorophytum,comosum Ocean
Chlorophytum,comosum Ocean SINGLE
Chlorophytum,comosum Reverse Variegatum
Chlorophytum,comosum Variegatum
Chlorophytum,comosum Variegatum (SINGLES)
Chlorophytum,comosum Variegatum Maria
Chlorophytum,saundersiae Starlight
Chlorophytum,Unknown 2
Chlorophytum,Unknown B
Chrysanthemum,20.4056.012
Chrysanthemum,20.4056.016
Chrysanthemum,20.4056.025
Chrysanthemum,20.4056.034
Chrysanthemum,77320001
Chrysanthemum,77320002
Chrysanthemum,77320003
Chrysanthemum,77320004
Chrysanthemum,77320005
Chrysanthemum,77320006
Chrysanthemum,77320007
Chrysanthemum,77320008
Chrysanthemum,77320009
Chrysanthemum,77320010
Chrysanthemum,77320011
Chrysanthemum,77320012
Chrysanthemum,77320013
Chrysanthemum,77320014
Chrysanthemum,77320015
Chrysanthemum,77320016
Chrysanthemum,77320017
Chrysanthemum,77320018
Chrysanthemum,77320019
Chrysanthemum,77320020
Chrysanthemum,77320021
Chrysanthemum,77320022
Chrysanthemum,77320023
Chrysanthemum,77320024
Chrysanthemum,77320025
Chrysanthemum,77320026
Chrysanthemum,77320027
Chrysanthemum,77320028
Chrysanthemum,Acosta
Chrysanthemum,Alonso
Chrysanthemum,Amethist Dark
Chrysanthemum,Amethist Yellow
Chrysanthemum,Annalee
Chrysanthemum,Annamay
Chrysanthemum,Biondi
Chrysanthemum,Calimero Dark Pink
Chrysanthemum,Calimero Pink
Chrysanthemum,Calimero Shiny
Chrysanthemum,Calimero Snow
Chrysanthemum,Calimero Sunny
Chrysanthemum,Capriati Purple
Chrysanthemum,Collin
Chrysanthemum,Da Vinci Solo
Chrysanthemum,Daniela
Chrysanthemum,Della Mea
Chrysanthemum,Dragona
Chrysanthemum,Ellison Orange
Chrysanthemum,Ellison Pink
Chrysanthemum,Ellison Salmon
Chrysanthemum,Ellison Sweet
Chrysanthemum,Enya
Chrysanthemum,Enya Bronze
Chrysanthemum,Enya Light Pink
Chrysanthemum,Enya Salmon
Chrysanthemum,Garrix
Chrysanthemum,Halloween
Chrysanthemum,Karymsky
Chrysanthemum,Lovato Apricot
Chrysanthemum,Lovato Pink
Chrysanthemum,Lovato Purple
Chrysanthemum,Lualdi
Chrysanthemum,Mahon
Chrysanthemum,Maranello
Chrysanthemum,Marverick White
Chrysanthemum,Maverick Alpha White Exp. (N)
Chrysanthemum,Mihara
Chrysanthemum,Miller Apricot
Chrysanthemum,Miller Lavender
Chrysanthemum,Miller Pearl
Chrysanthemum,Miller Smokey
Chrysanthemum,Miller Sweet
Chrysanthemum,Miller White
Chrysanthemum,Miller Yellow
Chrysanthemum,Moreira
Chrysanthemum,Mygo
Chrysanthemum,Okada
Chrysanthemum,Omaira
Chrysanthemum,Patrese Pink
Chrysanthemum,Patrese Sunny
Chrysanthemum,Patrese White
Chrysanthemum,Pristine Bronze
Chrysanthemum,Pristine Orange
Chrysanthemum,Pristine Pink
Chrysanthemum,Pristine Red
Chrysanthemum,Ramazzotti
Chrysanthemum,Rosella
Chrysanthemum,Rossi Cream
Chrysanthemum,Rossi Cream (N)
Chrysanthemum,Rossi Lobster (N)
Chrysanthemum,Rossi Orange (N)
Chrysanthemum,Rossi Pink
Chrysanthemum,Rossi Pink (N)
Chrysanthemum,Rossi Salmon
Chrysanthemum,Rossi Salmon (N)
Chrysanthemum,Rossi Smokey (N)
Chrysanthemum,Rossi Splendid
Chrysanthemum,Rossi Splendid (N)
Chrysanthemum,Rossi Sunny (N)
Chrysanthemum,Rossi White
Chrysanthemum,Rossi White (N)
Chrysanthemum,Rumba
Chrysanthemum,Salvador
Chrysanthemum,Sato
Chrysanthemum,Sheila
Chrysanthemum,Surange
Chrysanthemum,Tennessee
Chrysanthemum,Thalys
Chrysanthemum,Valerio Apricot
Chrysanthemum,Valerio Pink
Chrysanthemum,Valerio Purple
Chrysanthemum,Valerio Red
Chrysanthemum,Valerio Shiny
Chrysanthemum,Vallato
Chrysanthemum,Vallato Sunny
Chrysanthemum,Vasole
Chrysanthemum,Zarco
Chrysanthemum,Zucherro
Chrysanthemum,Valerio Sunny
Chrysanthemum,Miller Sunny
Clematis,Alpina Imke
Clematis,Armandii Apple Blosom
Clematis,Avalache
Clematis,Corinae
Clematis,Giselle
Clematis,Hagley Hybrid
Clematis,Miss Bateman
Clematis,Montana Fincent
Clematis,Montana Rubens
Clematis,Nelly Moser
Clematis,Rouge Cardinal
Clematis,Samaritan
Clematis,The President
codonanthe,gracilis
Columnea,77400008
Columnea,77400011
Columnea,77400012
Columnea,77400013
Columnea,77400014
Coprosma,Coprosma
Coprosma,77650001
Coprosma,77650002
Coprosma,77650003
Coprosma,77700001
Coprosma,Glowing Endez
Cotoneaster,Dammeri
Cotoneaster,Dammeri Major
Cotyledon,77070001
Cotyledon,77070002
Cotyledon,77070003
Cotyledon,77070004
Cotyledon,ladysmithiensis
Cotyledon,ladysmithiensis Lemon Stripe
Cotyledon,ladysmithiensis variegata
Cotyledon,orbiculata
Cotyledon,orbiculata Bright Future
Cotyledon,orbiculata Champ
Cotyledon,orbiculata Clear Morning
Cotyledon,orbiculata Cute Baby
Cotyledon,orbiculata Dancing Queen
Cotyledon,orbiculata Evergreen
Cotyledon,orbiculata Fighter
Cotyledon,orbiculata Forever Cute
Cotyledon,orbiculata Good Choice
Cotyledon,orbiculata Happy Bride
Cotyledon,orbiculata Happy Day
Cotyledon,orbiculata Happy Mama
Cotyledon,orbiculata Higginsae
Cotyledon,orbiculata Hunter
Cotyledon,orbiculata Little Queeny
Cotyledon,orbiculata Lucky
Cotyledon,orbiculata New Chance
Cotyledon,orbiculata Smart Blonde
Cotyledon,orbiculata Sunny Smile
Cotyledon,orbiculata Sunrise
Cotyledon,orbiculata Surprise
Cotyledon,orbiculata Sweet Kiss
Cotyledon,orbiculata Sweet Love
Cotyledon,orbiculata Takbok
Cotyledon,orbiculata Tall Beauty
Cotyledon,orbiculata Tiny Wonder
Cotyledon,orbiculata Warrior
Cotyledon,orbiculata Winner
Cotyledon,orbiculata Wonderful
Cotyledon,papillaris Choco Line
Cotyledon,pendens
Cotyledon,undulata variegata
Crassula,77080001
Crassula,77080002
Crassula,77080003
Crassula,77080004
Crassula,77080005
Crassula,77080006
Crassula,77080007
Crassula,77080008
Crassula,77080009
Crassula,77080010
Crassula,77080011
Crassula,77080012
Crassula,77080013
Crassula,77080014
Crassula,77080015
Crassula,77080016
Crassula,77080017
Crassula,77080018
Crassula,77080019
Crassula,77080020
Crassula,77080021
Crassula,77080022
Crassula,77080023
Crassula,77080024
Crassula,77080025
Crassula,77080026
Crassula,77080027
Crassula,77080028
Crassula,77080029
Crassula,77080030
Crassula,77080031
Crassula,77080032
Crassula,77080033
Crassula,alba Garnet Lotus
Crassula,alba Green Lotus
Crassula,arborescens
Crassula,arborescens subsp. undulatifolia
Crassula,barklyi Ivory Pagoda
Crassula,capitella Ben
Crassula,capitella Campfire
Crassula,capitella subsp. thyrsiflora
Crassula,ciliata
Crassula,cordata
Crassula,cultrata
Crassula,deceptor Frosty
Crassula,deceptor Kimnachi
Crassula,deceptor cv Arta
Crassula,dependens
Crassula,exilis schmidtii Alpha
Crassula,exilis schmidtii Epsilon
Crassula,marginalis
Crassula,mesembryanthoides Tarantula
Crassula,mesembryanthoides cv Tenelli
Crassula,multicava variegata
Crassula,muscosa cv Princess Pine
Crassula,nudicaulis var. plathyphylla
Crassula,nudicaulis var. plathyphylla Burgundy
Crassula,orbicularis cv Rosularis
Crassula,ovata (Large)
Crassula,ovata (Medium)
Crassula,ovata Compact
Crassula,ovata cv Gandalf
Crassula,ovata cv Horntree
Crassula,ovata cv Horntree Tricolor
Crassula,ovata cv Minor (Large)
Crassula,ovata cv Minor (Medium)
Crassula,ovata cv New Sunset
Crassula,ovata cv Sunset
Crassula,ovata variegata
Crassula,perfoliata Boracha
Crassula,perfoliata cv justi-corderoyi
Crassula,perfoliata var Lola Lopez
Crassula,perfoliata var Talisman
Crassula,perfoliata var minor
Crassula,perforata
Crassula,perforata Grey
Crassula,perforata Starshine
Crassula,perforata Variegata
Crassula,portulacea Hobbit
Crassula,pubescens subsp. Radicans
Crassula,pyramidalis
Crassula,pyramidalis cv Congesta
Crassula,pyramidalis cv Spiralis
Crassula,rogersii
Crassula,rupestris Baby Necklace
Crassula,rupestris Hottentot
Crassula,rupestris cv Springtime
Crassula,rupestris subs. Marnieriana minor
Crassula,socialis
Crassula,swaziensis variegata
Crassula,tomentosa
Crassula,volkensii variegata
Crassula,Petiolata
Crassula,Imbricata
Cryptanthus,bivittatus Red
Cyperus,papyrus Green Gold
Dahlia,1003-02-23
Dahlia,1004-03-23
Dahlia,1006-03-23
Dahlia,1006-04-23
Dahlia,1009-01-23
Dahlia,1009-02-23
Dahlia,1010-01-23
Dahlia,1010-02-23
Dahlia,1016-01-23
Dahlia,1021-02-23
Dahlia,1021-05-23
Dahlia,1023-03-23
Dahlia,1024-05-23
Dahlia,1028-01-23
Dahlia,1028-02-23
Dahlia,1030-01-23
Dahlia,1031-04-23
Dahlia,1031-05-23
Dahlia,1032-01-23
Dahlia,1033-01-23
Dahlia,1034-01-23
Dahlia,1039-02-23
Dahlia,1041-01-23
Dahlia,1046-01-23
Dahlia,1047-01-23
Dahlia,1053-01-23
Dahlia,1053-02-23
Dahlia,1053-04-23
Dahlia,1054-01-23
Dahlia,1055-02-24
Dahlia,1055-03-24
Dahlia,1056-01-23
Dahlia,1057-01-23
Dahlia,1112-03-24
Dahlia,122-01-25
Dahlia,1245-01-24
Dahlia,1252-01-24
Dahlia,1296-01-24
Dahlia,1327-01-24
Dahlia,1327-02-25
Dahlia,1348-01-25
Dahlia,1352-01-25
Dahlia,1352-02-25
Dahlia,1447-02-25
Dahlia,1526-01-24
Dahlia,1540-01-25
Dahlia,1540-02-25
Dahlia,1574-01-24
Dahlia,1578-01-25
Dahlia,1582-01-24
Dahlia,1627-01-25
Dahlia,1641-05-24
Dahlia,1642-03-24
Dahlia,1684-01-24
Dahlia,1736-01-24
Dahlia,1747-01-24
Dahlia,1764-02-25
Dahlia,1772-01-24
Dahlia,1777-01-25
Dahlia,1779-01-25
Dahlia,1807-01-24
Dahlia,1807-02-24
Dahlia,1844-01-25
Dahlia,1866-02-25
Dahlia,1866-03-25
Dahlia,1878-01-25
Dahlia,1878-02-25
Dahlia,1895-01-25
Dahlia,787
Dahlia,31436
Dahlia,41298
Dahlia,45315
Dahlia,46046
Dahlia,204-02-23
Dahlia,54112
Dahlia,54141
Dahlia,54812
Dahlia,58099
Dahlia,58130
Dahlia,59925
Dahlia,94258
Dahlia,216-01-24
Dahlia,112185
Dahlia,112213
Dahlia,114742
Dahlia,120586
Dahlia,120614
Dahlia,226-02-25
Dahlia,132608
Dahlia,132639
Dahlia,132973
Dahlia,140278
Dahlia,140644
Dahlia,152362
Dahlia,158905
Dahlia,187030
Dahlia,191503
Dahlia,191837
Dahlia,192143
Dahlia,193604
Dahlia,193969
Dahlia,214423
Dahlia,215154
Dahlia,216615
Dahlia,251-01-23
Dahlia,251-02-23
Dahlia,252-01-23
Dahlia,252-02-23 Yellow
Dahlia,253-01-23
Dahlia,232319
Dahlia,255-01-23
Dahlia,255-02-23 Red
Dahlia,255-03-23
Dahlia,255-04-23
Dahlia,256-01-23
Dahlia,242912
Dahlia,258-01-23
Dahlia,260-01-23 Yellow Orange
Dahlia,262-01-23
Dahlia,262-02-23 Rose
Dahlia,262-02-23 Wit
Dahlia,264-01-23
Dahlia,265-01-23
Dahlia,265-02-23
Dahlia,265-03-23 Light Yellow
Dahlia,266-01-23 Purple
Dahlia,266-02-23
Dahlia,266-03-23
Dahlia,266-04-23
Dahlia,266-05-23
Dahlia,266-06-23
Dahlia,266-08-23 Pink
Dahlia,266-09-23
Dahlia,266-11-23
Dahlia,266-12-23
Dahlia,266-13-23
Dahlia,266-14-23
Dahlia,266-15-23
Dahlia,266-16-23
Dahlia,277975
Dahlia,268-01-23
Dahlia,268-02-23
Dahlia,268-03-23
Dahlia,268-04-23
Dahlia,268-08-23
Dahlia,270-03-25
Dahlia,301350
Dahlia,301715
Dahlia,315594
Dahlia,315625
Dahlia,321073
Dahlia,287-01-25
Dahlia,303-01-23 Red Orange
Dahlia,303-02-23
Dahlia,303-03-23
Dahlia,309-01-25
Dahlia,313-01-23
Dahlia,314-01-23
Dahlia,314-02-23
Dahlia,317-01-23 Orange
Dahlia,317-02-23
Dahlia,332-01-23
Dahlia,332-02-23
Dahlia,334-01-23
Dahlia,334-02-23 Red
Dahlia,334-03-23 Yellow Red
Dahlia,334-04-23
Dahlia,334-09-23
Dahlia,335-01-23
Dahlia,335-02-23
Dahlia,335-03-23
Dahlia,336-01-23 Orange
Dahlia,336-02-23
Dahlia,336-03-23
Dahlia,337-01-23 Red Yellow
Dahlia,337-02-23
Dahlia,340-01-23
Dahlia,342-01-23
Dahlia,342-02-23
Dahlia,349-01-23 Yellow Orange
Dahlia,349-02-23
Dahlia,349-03-23
Dahlia,349-04-23
Dahlia,353-01-23
Dahlia,353-01-25
Dahlia,353-02-23 Red Pink
Dahlia,356-01-23
Dahlia,360-01-23
Dahlia,360-02-23
Dahlia,361-01-23
Dahlia,362-02-23
Dahlia,362-03-23
Dahlia,363-01-23
Dahlia,365-01-23
Dahlia,366-01-23
Dahlia,366-02-23
Dahlia,367-01-23
Dahlia,369-01-23
Dahlia,369-02-23
Dahlia,371-01-23 Pink Yellow
Dahlia,371-02-23
Dahlia,374-01-23
Dahlia,374-02-23
Dahlia,375-01-23
Dahlia,375-02-23
Dahlia,386-01-23
Dahlia,386-02-23
Dahlia,387-01-23
Dahlia,394-01-23 Yellow Red
Dahlia,395-01-23
Dahlia,398-01-23
Dahlia,399-01-23
Dahlia,40-01-25
Dahlia,402-01-23
Dahlia,408-01-23
Dahlia,419-01-23 Red Pink
Dahlia,420-01-23
Dahlia,428-01-23
Dahlia,428-02-23
Dahlia,429-01-23
Dahlia,429-02-23
Dahlia,468-01-23
Dahlia,470-01-23
Dahlia,473-01-23
Dahlia,474-02-25
Dahlia,48-01-24
Dahlia,484-01-25
Dahlia,488-01-23
Dahlia,553-01-25
Dahlia,553-02-25
Dahlia,553-03-25
Dahlia,553-04-25
Dahlia,559-02-25
Dahlia,561-01-25
Dahlia,57-01-25
Dahlia,619-02-25
Dahlia,649-02-25
Dahlia,666-01-25
Dahlia,69-02-24
Dahlia,735-01-25
Dahlia,735-03-25
Dahlia,735-04-25
Dahlia,738-02-25
Dahlia,74041
Dahlia,749-01-25
Dahlia,760-01-25
Dahlia,761-01-25
Dahlia,783-01-24
Dahlia,817-02-23
Dahlia,828-01-24
Dahlia,871-01-23
Dahlia,894-01-23
Dahlia,895-01-25
Dahlia,903-01-24
Dahlia,908-02-24
Dahlia,913-01-25
Dahlia,918-01-25
Dahlia,919-01-25
Dahlia,919-02-25
Dahlia,950-02-25
Dahlia,950-03-25
Dahlia,987-01-24
Dahlia,??
Dahlia,AD18
Dahlia,AD43
Dahlia,AD51
Dahlia,Apartus
Dahlia,Avalanche
Dahlia,Balloon Bicolor
Dahlia,Balloon Bronze
Dahlia,Balloon Burgundy
Dahlia,Balloon Lavender
Dahlia,Balloon Lilac
Dahlia,Balloon Scarlet
Dahlia,Balloon White
Dahlia,Balloon Yellow
Dahlia,Black Princess
Dahlia,DA001
Dahlia,DA002
Dahlia,DA010-1
Dahlia,DA010-2
Dahlia,DA011
Dahlia,DA012
Dahlia,DA013
Dahlia,DA014
Dahlia,DA015
Dahlia,DA016
Dahlia,DA017
Dahlia,DA018
Dahlia,DA019
Dahlia,DA020
Dahlia,DA021
Dahlia,DA022
Dahlia,DA023
Dahlia,DA024
Dahlia,DA025
Dahlia,DA026
Dahlia,DA027
Dahlia,DA028
Dahlia,DA029
Dahlia,DA030
Dahlia,DA031
Dahlia,DA032
Dahlia,DA033
Dahlia,DA034
Dahlia,DA035
Dahlia,DA036
Dahlia,DA037
Dahlia,DA038
Dahlia,DA039
Dahlia,DA040
Dahlia,DAXXX 4100
Dahlia,Dahlicia Apricot
Dahlia,Dahlicia Bicolor Lilac
Dahlia,Dahlicia Lilac
Dahlia,Dahlicia Orange
Dahlia,Dahlicia Red
Dahlia,Dahlicia Rosa
Dahlia,Dahlicia Scarlet
Dahlia,Dahlicia Striped
Dahlia,Dahlicia White
Dahlia,Dahlicia Yellow
Dahlia,Dahlstar Orange
Dahlia,Dahlstar Pink
Dahlia,Dahlstar Red
Dahlia,Dahlstar Yellow
Dahlia,H1
Dahlia,H2
Dahlia,Jewel
Dahlia,Kleinbloemig Rood
Dahlia,MA-Apricot
Dahlia,MA-Burgundy
Dahlia,MA-Orange
Dahlia,MA-Pink
Dahlia,MA-Red
Dahlia,MA-Yellow
Dahlia,Magenta
Dahlia,Miya
Dahlia,P1
Dahlia,P2
Dahlia,P3
Dahlia,P4
Dahlia,P5
Dahlia,P6
Dahlia,P8
Dahlia,R1
Dahlia,Ramzon Bronze Apricot
Dahlia,Redahl Dahlietta Anna
Dahlia,Redahl Orange
Dahlia,Redahl Red
Dahlia,Redahl White
Dahlia,Rose Bicol Maggiore-HN
Dahlia,TN23
Dahlia,TN28
Dahlia,TN48
Dahlia,XXL Cactus White
Dahlia,XXL Raspberry Ice
Dahlia,XXL Sunrise
Dahlia,XXL Veracruz
Dahlia,650-02-25
Dahlia,1032-02-23
Dahlia,1024-04-23
Dahlia,353-04-25
Dahlia,1006-08-23
Dahlia,561-02-21
Dahlia,930-02-25
Dahlia,1020-02-23
Dahlia,1626-01-24
Dahlia,667-02-24
Dahlia,927-01-24
Dahlia,2804(02)24
Dahlia,2814(01)24
Dahlia,3796(01)25
Dahlia,5434(01)25
Dahlia,3405(06)25
Dahlia,2797(01)24
Dahlia,2557(01)25
Dahlia,2800(01)24
Dahlia,2810(01)24
Dahlia,2492(01)25
Dahlia,2791(02)24
Dahlia,2782(01)24
Dahlia,5435(03)25
Dahlia,2826(01)25
Dahlia,3185(02)25
Dahlia,2790(02)24
Dahlia,2555(01)25
Dahlia,3919(01)25
Dahlia,2816(01)25
Dahlia,4040(01)25
Dahlia,2795(02)24
Dahlia,2796(01)24
Dahlia,2802(02)24
Dahlia,3995(03)25
Dahlia,2555(04)25
Dahlia,2796(03)24
Dahlia,3405(08)25
Dahlia,5440(01)25
Dahlia,2811(01)24
Dahlia,2807(03)24
Dahlia,2791(03)24
Dahlia,2805(02)24
Dahlia,2790(03)24
Dahlia,5435(02)25
Dahlia,3920(02)25
Dahlia,2813(01)24
Dahlia,262(01)25
Dahlia,Majenta
Dahlia,3846(01)25
Dahlia,2788(01)24
Dahlia,2555(03)25
Dahlia,2793(01)24
Dahlia,5436(01)25
Dahlia,2801(01)24
Dahlia,2792(02)24
Dahlia,2591(01)25
Dahlia,484(01)
Dahlia,2799(02)24
Dahlia,3730(01)25
Dahlia,3881(01)25
Dahlia,2493(01)23
Dahlia,2725(01)24
Dahlia,2048(02)24
Dahlia,2619(01)24
Dahlia,1517-02-24
Dahlia,3405(01)25
Dahlia,3101(01)25
Dahlia,3872(01)25
Dahlia,5438(01)25
Dahlia,3961(01)25
Dahlia,2786(01)24
Dahlia,3559(01)25
Dahlia,2806(01)24
Dahlia,2785(01)24
Dahlia,2783(01)24
Dahlia,2679(02)25
Dahlia,15(01)25
Dahlia,2713(01)24
Dahlia,1538(01)25
Dahlia,2426(01)24
Dahlia,960(02)25
Dahlia,2279(01)24
Dahlia,151-01-25
Dahlia,3847(01)25
Dahlia,2534(01)25
Dahlia,3571(01)25
Dahlia,1625(01)24
Dahlia,1461(01)24
Dahlia,2489(01)24
Dahlia,2024(01)24
Dahlia,2264(01)24
Dahlia,2779(01)24
Dahlia,2794(01)24
Dahlia,2781(01)24
Dahlia,2808(01)24
Dahlia,2388(01)25
Dahlia,2425(03)24
Dahlia,1518(01)24
Delosperma,echinatum Green
Delosperma,echinatum Yellow
Delosperma,lehmannii
Dianella,blue Stream
Dianella,revoluta Coolvista
Dischidia,77110001
Dischidia,77110002
Dischidia,oiantha
Dischidia,oiantha variegata
Dischidia,ovata Watermelon
Dischidia,ovata White Stripe
Dischidia,ruscifolia
Dizygotheca,elegantissima
Dizygotheca,elegantissima ´Bianca´
Draceana,Fragans
Draceana,Lemon Surprise
Draceana,Malaika
Dudleya,77330001
Dudleya,77330002
Dudleya,77330003
Dudleya,greenei
Dudleya,virens
Echeveria,21-26
Echeveria,77120001
Echeveria,77120002
Echeveria,77120003
Echeveria,77120004
Echeveria,77120005
Echeveria,77120006
Echeveria,77120007
Echeveria,77120008
Echeveria,77120009
Echeveria,77120010
Echeveria,77120011
Echeveria,77120012
Echeveria,77120013
Echeveria,77120014
Echeveria,77120015
Echeveria,77120016
Echeveria,77120017
Echeveria,77120018
Echeveria,77120019
Echeveria,77120020
Echeveria,77120021
Echeveria,77120022
Echeveria,77120023
Echeveria,77120024
Echeveria,77120025
Echeveria,77120026
Echeveria,77120027
Echeveria,77120028
Echeveria,77120029
Echeveria,77120030
Echeveria,77120031
Echeveria,77120032
Echeveria,77120033
Echeveria,77120034
Echeveria,77120035
Echeveria,77120036
Echeveria,77120037
Echeveria,77120038
Echeveria,77120039
Echeveria,77120040
Echeveria,77120041
Echeveria,77120042
Echeveria,77120043
Echeveria,77120044
Echeveria,77120045
Echeveria,77120046
Echeveria,77120047
Echeveria,77120048
Echeveria,77120049
Echeveria,77120050
Echeveria,77120051
Echeveria,77120052
Echeveria,77120053
Echeveria,77120054
Echeveria,77120055
Echeveria,77120056
Echeveria,77120057
Echeveria,77120058
Echeveria,77120059
Echeveria,77120060
Echeveria,77120061
Echeveria,77120062
Echeveria,77120063
Echeveria,77120064
Echeveria,77120065
Echeveria,77120066
Echeveria,77120067
Echeveria,77120068
Echeveria,77120069
Echeveria,77120070
Echeveria,77120071
Echeveria,77120072
Echeveria,77120073
Echeveria,77120074
Echeveria,77120075
Echeveria,77120076
Echeveria,77120077
Echeveria,77120078
Echeveria,77120079
Echeveria,77120080
Echeveria,77120081
Echeveria,77120082
Echeveria,77120083
Echeveria,77120084
Echeveria,77120085
Echeveria,77120086
Echeveria,77120087
Echeveria,77120088
Echeveria,77120089
Echeveria,77120090
Echeveria,77120091
Echeveria,77120092
Echeveria,77120093
Echeveria,77120094
Echeveria,77120095
Echeveria,77120096
Echeveria,77120097
Echeveria,77120098
Echeveria,77120099
Echeveria,77120100
Echeveria,77120101
Echeveria,77120102
Echeveria,77120103
Echeveria,77120104
Echeveria,77120105
Echeveria,77120106
Echeveria,77120107
Echeveria,77120108
Echeveria,77120109
Echeveria,77120110
Echeveria,77120111
Echeveria,77120112
Echeveria,77120113
Echeveria,77120114
Echeveria,77120115
Echeveria,77120116
Echeveria,77120117
Echeveria,77120118
Echeveria,77120119
Echeveria,77120120
Echeveria,77120121
Echeveria,77120122
Echeveria,77120123
Echeveria,77120124
Echeveria,77120125
Echeveria,77120126
Echeveria,77120127
Echeveria,77120128
Echeveria,77120129
Echeveria,77120130
Echeveria,77120131
Echeveria,77120132
Echeveria,77120133
Echeveria,77120134
Echeveria,77120135
Echeveria,77120136
Echeveria,77120137
Echeveria,77120138
Echeveria,77120139
Echeveria,77120140
Echeveria,77120141
Echeveria,77120143
Echeveria,77120145
Echeveria,77120146
Echeveria,77120147
Echeveria,77120148
Echeveria,77120149
Echeveria,77120150
Echeveria,77120151
Echeveria,77120152
Echeveria,77120153
Echeveria,77120154
Echeveria,77120155
Echeveria,77120156
Echeveria,77120157
Echeveria,77120158
Echeveria,77120159
Echeveria,77120160
Echeveria,77120161
Echeveria,77120162
Echeveria,77120163
Echeveria,77120164
Echeveria,77120165
Echeveria,77120166
Echeveria,77120167
Echeveria,77120168
Echeveria,77120169
Echeveria,77120170
Echeveria,77120171
Echeveria,77120172
Echeveria,77120173
Echeveria,77120174
Echeveria,77120175
Echeveria,77120176
Echeveria,77120177
Echeveria,77120178
Echeveria,77120179
Echeveria,77120180
Echeveria,77120181
Echeveria,77120182
Echeveria,77120183
Echeveria,77120184
Echeveria,77120185
Echeveria,77120186
Echeveria,77120187
Echeveria,77120188
Echeveria,77120189
Echeveria,77120190
Echeveria,77120191
Echeveria,77120192
Echeveria,77120193
Echeveria,77120194
Echeveria,77120195
Echeveria,77120196
Echeveria,77120197
Echeveria,77120198
Echeveria,77120199
Echeveria,77120200
Echeveria,77120201
Echeveria,77120202
Echeveria,77120203
Echeveria,77120204
Echeveria,77120205
Echeveria,77120206
Echeveria,77120207
Echeveria,77120208
Echeveria,77120209
Echeveria,77120210
Echeveria,77120211
Echeveria,77120212
Echeveria,77120213
Echeveria,77120214
Echeveria,77120215
Echeveria,77120216
Echeveria,77120217
Echeveria,77120218
Echeveria,77120219
Echeveria,77120220
Echeveria,77120221
Echeveria,77120222
Echeveria,77120223
Echeveria,77120224
Echeveria,77120225
Echeveria,77120226
Echeveria,77120227
Echeveria,77120228
Echeveria,77120229
Echeveria,77120230
Echeveria,77120231
Echeveria,77120232
Echeveria,77120233
Echeveria,77120234
Echeveria,77120235
Echeveria,77120236
Echeveria,77120237
Echeveria,77120238
Echeveria,77120239
Echeveria,77120240
Echeveria,77120241
Echeveria,77120242
Echeveria,77120243
Echeveria,77120244
Echeveria,77120245
Echeveria,77120246
Echeveria,77120247
Echeveria,77120248
Echeveria,77120249
Echeveria,77120250
Echeveria,77120251
Echeveria,77120252
Echeveria,77120253
Echeveria,77120254
Echeveria,77120255
Echeveria,77120256
Echeveria,77120257
Echeveria,77120258
Echeveria,77120259
Echeveria,77120260
Echeveria,77120261
Echeveria,77120262
Echeveria,77120263
Echeveria,77120264
Echeveria,77120265
Echeveria,77120266
Echeveria,77120267
Echeveria,77120268
Echeveria,77120269
Echeveria,77120270
Echeveria,77120271
Echeveria,77120272
Echeveria,77120273
Echeveria,77120274
Echeveria,77120275
Echeveria,77120277
Echeveria,77120278
Echeveria,77120279
Echeveria,77120280
Echeveria,77120281
Echeveria,77120282
Echeveria,77120283
Echeveria,77120284
Echeveria,77120285
Echeveria,77120286
Echeveria,77120287
Echeveria,77120288
Echeveria,77120289
Echeveria,77120290
Echeveria,77120291
Echeveria,77120292
Echeveria,77120293
Echeveria,77120294
Echeveria,77120295
Echeveria,77120296
Echeveria,77120297
Echeveria,77120298
Echeveria,77120299
Echeveria,77120300
Echeveria,77120301
Echeveria,77120302
Echeveria,77120303
Echeveria,77120304
Echeveria,77120305
Echeveria,77120306
Echeveria,77120307
Echeveria,77120308
Echeveria,77120309
Echeveria,77120310
Echeveria,77120311
Echeveria,77120312
Echeveria,77120313
Echeveria,77120314
Echeveria,77120315
Echeveria,77120316
Echeveria,77120317
Echeveria,77120318
Echeveria,77120319
Echeveria,77120320
Echeveria,77120321
Echeveria,77120322
Echeveria,77120323
Echeveria,77120324
Echeveria,77120325
Echeveria,77120326
Echeveria,77120327
Echeveria,77120328
Echeveria,77120329
Echeveria,77120330
Echeveria,77120331
Echeveria,77120332
Echeveria,77120333
Echeveria,77120334
Echeveria,77120335
Echeveria,77120336
Echeveria,77120337
Echeveria,77120338
Echeveria,77120339
Echeveria,77120340
Echeveria,77120341
Echeveria,77120342
Echeveria,77120343
Echeveria,77120344
Echeveria,77120345
Echeveria,77120346
Echeveria,77120347
Echeveria,77120348
Echeveria,77120349
Echeveria,77120350
Echeveria,77120351
Echeveria,77120352
Echeveria,77120353
Echeveria,77120354
Echeveria,77120355
Echeveria,77120356
Echeveria,77120357
Echeveria,77120358
Echeveria,77120359
Echeveria,77120360
Echeveria,77120361
Echeveria,77120362
Echeveria,77120363
Echeveria,77120364
Echeveria,77120365
Echeveria,77120366
Echeveria,77120367
Echeveria,77120368
Echeveria,77120369
Echeveria,77120370
Echeveria,77120371
Echeveria,77120372
Echeveria,77120373
Echeveria,77120374
Echeveria,77120375
Echeveria,77120376
Echeveria,77120377
Echeveria,77120378
Echeveria,77120379
Echeveria,77120380
Echeveria,77120381
Echeveria,77120382
Echeveria,77120383
Echeveria,77120384
Echeveria,77120385
Echeveria,77120386
Echeveria,77120387
Echeveria,77120388
Echeveria,77120389
Echeveria,77120390
Echeveria,77120391
Echeveria,77120392
Echeveria,77120393
Echeveria,77120394
Echeveria,77120395
Echeveria,77120396
Echeveria,77120397
Echeveria,77120398
Echeveria,77120399
Echeveria,77120400
Echeveria,77120401
Echeveria,77120402
Echeveria,77120403
Echeveria,77120404
Echeveria,77120405
Echeveria,77120406
Echeveria,77120407
Echeveria,77120408
Echeveria,77120409
Echeveria,77120410
Echeveria,77120411
Echeveria,77120412
Echeveria,77120413
Echeveria,77120414
Echeveria,77120415
Echeveria,77120416
Echeveria,77120417
Echeveria,77120418
Echeveria,77120419
Echeveria,77120420
Echeveria,77120421
Echeveria,77120422
Echeveria,77120423
Echeveria,77120424
Echeveria,77120425
Echeveria,77120426
Echeveria,77120427
Echeveria,77120428
Echeveria,77120429
Echeveria,77120430
Echeveria,77120431
Echeveria,77120432
Echeveria,77120433
Echeveria,77120434
Echeveria,77120435
Echeveria,77120436
Echeveria,77120437
Echeveria,77120438
Echeveria,77120439
Echeveria,77120440
Echeveria,77120441
Echeveria,77120442
Echeveria,77120443
Echeveria,77120444
Echeveria,77120445
Echeveria,77120446
Echeveria,77120447
Echeveria,77120448
Echeveria,77120449
Echeveria,77120450
Echeveria,77120451
Echeveria,Acoustic
Echeveria,Aerobic
Echeveria,Algoz
Echeveria,Alita
Echeveria,Amado
Echeveria,Amistad
Echeveria,Amor
Echeveria,Angelic
Echeveria,Arco
Echeveria,Arctic
Echeveria,Artistic
Echeveria,Asante Sana
Echeveria,Atlantic
Echeveria,Atlantis
Echeveria,Atomic
Echeveria,Aurora
Echeveria,Authentic
Echeveria,Azul
Echeveria,Babaric
Echeveria,Baby Face
Echeveria,Barca
Echeveria,Bella
Echeveria,Ben Badis
Echeveria,Big Lilac
Echeveria,Big Surprise
Echeveria,Black Madiba
Echeveria,Blue
Echeveria,Blue Minima
Echeveria,Blue Prince
Echeveria,Blue Speed
Echeveria,Blue Star
Echeveria,Blue Success
Echeveria,Blue Sunshine
Echeveria,Bluebird
Echeveria,Boeil
Echeveria,Boeil Rose
Echeveria,Bonita rotunda
Echeveria,Branco
Echeveria,Brown Rose
Echeveria,Bubba
Echeveria,Bumpy Road
Echeveria,California Queen
Echeveria,Carino
Echeveria,Castelo Branco
Echeveria,Celestic
Echeveria,Ceramic
Echeveria,Cherio
Echeveria,Chico
Echeveria,Chroma
Echeveria,Chubbs
Echeveria,Churro
Echeveria,Cielo
Echeveria,Cinematic
Echeveria,Classic
Echeveria,Colorswift
Echeveria,Comic
Echeveria,Corazon
Echeveria,Costa
Echeveria,Cryptic
Echeveria,Culibra
Echeveria,Curly Edge
Echeveria,Curve
Echeveria,Dark Rose
Echeveria,Debbie
Echeveria,Dicks´ Pink
Echeveria,Dorothy
Echeveria,Dramatic
Echeveria,Drastic
Echeveria,Dura
Echeveria,Dusty Rose
Echeveria,Dynamic
Echeveria,Early Sunrise
Echeveria,Eccentric
Echeveria,Echoc
Echeveria,Electric
Echeveria,Elica
Echeveria,Encino
Echeveria,Esoteric
Echeveria,Estrella
Echeveria,Evora Campo
Echeveria,Exotic
Echeveria,Fantastic
Echeveria,Fantastic Fountain
Echeveria,Fiesta
Echeveria,Fiona
Echeveria,Forte
Echeveria,Frantic
Echeveria,Fred Ives
Echeveria,Fred Ives variegata
Echeveria,Fury
Echeveria,Futuristic
Echeveria,Galactic
Echeveria,Gallo
Echeveria,Garotto
Echeveria,Giant Blue
Echeveria,Gothika
Echeveria,Grande Cinza
Echeveria,Green Touch
Echeveria,Grosso
Echeveria,Guapa
Echeveria,Hanabijn
Echeveria,Harmonic
Echeveria,Heroic
Echeveria,Holistic
Echeveria,Hyperbolic
Echeveria,Hypnotic
Echeveria,Iconic
Echeveria,Idyllic
Echeveria,Ionic
Echeveria,Jasiri
Echeveria,Joan Daniel
Echeveria,Kicheriana
Echeveria,Kinetic
Echeveria,King Midas
Echeveria,Kirov
Echeveria,Lilac Spoon
Echeveria,Lilac Wonder
Echeveria,Linda
Echeveria,Linn
Echeveria,Lola
Echeveria,Lotus
Echeveria,Lovely Grey
Echeveria,Lovely Rose
Echeveria,Lulu
Echeveria,Lyric
Echeveria,Machette
Echeveria,Madiba
Echeveria,Magic
Echeveria,Majestic
Echeveria,Manana
Echeveria,Mariposa
Echeveria,Marmerata
Echeveria,Marrom
Echeveria,Melaco
Echeveria,Menina
Echeveria,Mexicana
Echeveria,Mimic
Echeveria,Moonshine
Echeveria,Morango
Echeveria,Morning Dew
Echeveria,Mystic
Echeveria,Nana Hakumini
Echeveria,New Black
Echeveria,Nina
Echeveria,Nostalgic
Echeveria,Oceanic
Echeveria,Opalina
Echeveria,Orpet
Echeveria,Pacific
Echeveria,Painters´ Pallette
Echeveria,Panoramic
Echeveria,Parasol Rose
Echeveria,Parva
Echeveria,Pearl of Neurenberg
Echeveria,Pequeno
Echeveria,Pinguin
Echeveria,Pink Circle
Echeveria,Pink Donna
Echeveria,Pink Edge
Echeveria,Pink Ruby
Echeveria,Pink Trumpet
Echeveria,Platonic
Echeveria,Poetic
Echeveria,Pollux
Echeveria,Ponto Rosa
Echeveria,Preta
Echeveria,Princess
Echeveria,Pumila
Echeveria,Punnita
Echeveria,Purple Dance
Echeveria,Purple Pearl
Echeveria,Raindrop
Echeveria,Ramilette
Echeveria,Red Beauty
Echeveria,Red Edge
Echeveria,Red Pearl
Echeveria,Red Sky
Echeveria,Rejoice
Echeveria,Rhythmic
Echeveria,Rizo
Echeveria,Road Runner
Echeveria,Romance
Echeveria,Romantic
Echeveria,Rosetta Cariba
Echeveria,Rosetta Dama Rosa
Echeveria,Rosetta Gelado
Echeveria,Rosetta Nege
Echeveria,Rosetta Olive
Echeveria,Rosetta Serra
Echeveria,Rosetta Tiara
Echeveria,Rosetta Trangilo
Echeveria,Rustic
Echeveria,Salsa Verde
Echeveria,Samba
Echeveria,Sara
Echeveria,Scenic
Echeveria,Seitan Botan
Echeveria,Setorum Victor
Echeveria,Silver Shine
Echeveria,Silves
Echeveria,Spark
Echeveria,Spheric
Echeveria,Spotlight
Echeveria,Spring Jade
Echeveria,Starlight
Echeveria,Stylistic
Echeveria,Summer
Echeveria,Super Blue
Echeveria,Supersonic
Echeveria,Swallow
Echeveria,Swirl
Echeveria,Symbolic
Echeveria,Symmetric
Echeveria,Taco
Echeveria,Tapalpa
Echeveria,Tectonic
Echeveria,Terrific
Echeveria,Tigela
Echeveria,Tippy
Echeveria,Titanic
Echeveria,Toggle
Echeveria,Torro
Echeveria,Tortuga
Echeveria,Tragic
Echeveria,Trompette
Echeveria,Tropic
Echeveria,Tunes
Echeveria,Ultrasonic
Echeveria,Unrealistic
Echeveria,Vader
Echeveria,Verde Apuntar
Echeveria,Vienna
Echeveria,Violet
Echeveria,Volcanic
Echeveria,White Minima
Echeveria,Yummie
Echeveria,affinis
Echeveria,agavoides
Echeveria,agavoides Christmas
Echeveria,agavoides Dark Green
Echeveria,agavoides Ebony
Echeveria,agavoides Emerald
Echeveria,agavoides Lemaire
Echeveria,agavoides Miranda
Echeveria,agavoides Mont
Echeveria,agavoides Salmon
Echeveria,amoena
Echeveria,canadian
Echeveria,ebony Mendozae
Echeveria,elegans
Echeveria,elegans Hybrid
Echeveria,hookerii
Echeveria,laulensis
Echeveria,lilacina
Echeveria,moranii
Echeveria,nodulosa
Echeveria,nodulosa Arrow Shaped
Echeveria,nodulosa Benitsukasa
Echeveria,peacockii
Echeveria,pelusida
Echeveria,pulvinata
Echeveria,pulvinata Frosty
Echeveria,purpusorum
Echeveria,purpusorum Green Gilva
Echeveria,purpusorum White
Echeveria,runyonii Blue
Echeveria,runyonii Red
Echeveria,runyonii Topsy Turvy
Echeveria,scheideckeri
Echeveria,setosa
Echeveria,shaviana Blue
Echeveria,shaviana Green
Echeveria,spp
Echeveria,strictaflora
Echeveria,texensis Zaragosa
Echeveria,tobarensis
Echeveria,tolimanensis Dark Red
Echeveria,Appletini
Echeveria,Berries blue
Echeveria,Mint marvel
Echeveria,Gold Rush
Echeveria,Gold mugget
Echeveria,Cranberry cocktail
Echeveria,Chocolate kiss
Echeveria,cosmic candy
Echeveria,Grape Galaxy
Echeveria,Powdered pastry
Echeveria,Cherries Jubilee
Echeveria,Sugar Shimmer
Echeveria,Silver suede
Echeveria,Frangilio
Echeveria,22-G
Echeveria,Silver Smile
Echeveria,Buddhas Temple
Echeveria,Big Head
Echeveria,Furry
Echeveria,Mars
Echeveria,21(07)
Echeveria,21(44)
Echeveria,Saint paulina
Echeveria,Hottental
Echeveria,Starfire
Echeveria,Wheels of variation
Echeveria,Velour
Epipremnum,Cebu Blue
Epipremnum,Glacier
Epipremnum,Golden Photos
Epipremnum,Marble Queen
Epipremnum,Marble Variegata
Episcia,Black
Episcia,Green
Episcia,Maroon
Episcia,Pink Shimmering Valley
Episcia,Red
Episcia,Silver
Episcia,Silver Green
Episcia,cupreata Copper
Episcia,cupreata Platinum
Episcia,cupreata Silver
Episcia,77460009
Episcia,77460007
Episcia,77460008
Eucomis,Dweuch 01
Euonymus,Aureomarginata
Euonymus,Extravaganza
Euonymus,Goldqueen
Euonymus,Green
Euonymus,Green Rocket
Euonymus,Green Spire
Euonymus,Harlequin
Euonymus,Kathy
Euonymus,Lemon Green
Euonymus,Luna
Euonymus,Marieke
Euonymus,Microphylla Albovariegata
Euonymus,Microphylla Aureavariegata
Euonymus,Microphylla Green
Euonymus,Microphylla Silver Christa
Euonymus,Microphylla Sylke
Euonymus,Microphylla Yellow
Euonymus,Pierrolino
Euonymus,japonicus White Spire
Euonymus,micro albo
Euonymus,micro aurea
Euonymus,micro gold
Euonymus,micro wit
Euonymus,Em Gold
Euonymus,Em Galety
Euphorbia,Milii Vulcanus
Euphorbia,Pandora
Euphorbia,Vesta
Euphorbia,milii Anthena
Euphorbia,milii Canary
Euphorbia,milii Cardinal
Euphorbia,milii Hermes
Euphorbia,milii Hestia
Euphorbia,milii NR 144
Euphorbia,milii NR 520
Euphorbia,milii NR 602
Euphorbia,milii NR 607
Euphorbia,milii NR 608
Euphorbia,milii NR 650
Euphorbia,milii NR 667
Euphorbia,milii NR 668
Euphorbia,milii Neptunes
Euphorbia,milii Venus
Fargesia,Asian Wonder
Fargesia,Muriela Rufa
Fatsia,aka Fatshedera lizei green
Fatsia,aka Fatshedera lizei variegata
Felicia,44470
Felicia,233-01-23
Felicia,44957
Felicia,401-01-22
Felicia,101-10-21
Felicia,2023-01-31 00:00:00
Ficus,Lyrata
Ficus,P U
Ficus,pumila Green
Ficus,pumila Variegata
Fittonia,1
Fittonia,2
Fittonia,3
Fittonia,4
Fittonia,Bubble Green
Fittonia,Jolly Lemon
Fittonia,Mini Whisper
Fittonia,Mosaic Pink Forest
Fittonia,Mosaic Pink Tiger
Fittonia,Mosaic Skeleton
Fittonia,Mosaic White Forest Flame
Fittonia,Mosaic white Tiger
Fittonia,Zalm Forest Flame
Fittonia,Zalm Ruby Lime
Fittonia,verschaffeltii Albivenis
Fittonia,verschaffeltii Pink
Fittonia,verschaffeltii Red
Fittonia,77410017
Fittonia,77410022
Fittonia,77410024
Fittonia,77410019
Fittonia,77410016
Fittonia,77410005
Fittonia,77410004
Fittonia,77410013
Fittonia,77410003
Fittonia,77410002
Fittonia,77410001
Fittonia,77410011
Fuchsia,Fuchsia ssp
Gallium,Odoration
Gasteria,77130001
Gasteria,77130002
Gasteria,77130003
Gasteria,77130004
Gasteria,Caleidoscope
Gasteria,Caleidoscope (Green Ice)
Gasteria,Lady Marian
Gasteria,Robin
Gasteria,Sherwood
Gasteria,Solana
Gasteria,batesiana Antonio
Gasteria,batesiana Aveo
Gasteria,batesiana Little Warty
Gasteria,batesiana Mufasa
Gasteria,batesiana Romeo
Gasteria,batesiana hybrid
Gasteria,bicolor Triceratops Skin
Gasteria,bicolor Tyrannosaurus Rex Skin
Geranium,Biokovo
Graptoveria,77340001
Graptoveria,77340002
Graptoveria,tibubans variegata
Gynura,aurantiaca
Haworthia,77140001
Haworthia,77140002
Haworthia,77140003
Haworthia,77140004
Haworthia,77140005
Haworthia,77140006
Haworthia,77140007
Haworthia,77140008
Haworthia,77140009
Haworthia,77140010
Haworthia,77140011
Haworthia,77140012
Haworthia,77140013
Haworthia,77140014
Haworthia,77140015
Haworthia,77140016
Haworthia,77140017
Haworthia,77140018
Haworthia,77140019
Haworthia,77140020
Haworthia,77140021
Haworthia,77140022
Haworthia,77140023
Haworthia,77140024
Haworthia,77140025
Haworthia,77140026
Haworthia,77140027
Haworthia,77140028
Haworthia,77140029
Haworthia,77140030
Haworthia,77140031
Haworthia,77140032
Haworthia,77140034
Haworthia,77140035
Haworthia,77140036
Haworthia,77140037
Haworthia,77140038
Haworthia,77140039
Haworthia,77140040
Haworthia,77140041
Haworthia,77140042
Haworthia,77140043
Haworthia,77140044
Haworthia,77140045
Haworthia,Bushman
Haworthia,Hippo
Haworthia,Rafiki
Haworthia,Royal Highness
Haworthia,Savanna
Haworthia,attenuata Concolor
Haworthia,coarctata
Haworthia,cooperi
Haworthia,cooperi variegata
Haworthia,fasciata Bella
Haworthia,fasciata Big Band
Haworthia,fasciata Cape Town
Haworthia,fasciata Green
Haworthia,fasciata Hybrid
Haworthia,fasciata Magnificus
Haworthia,fasciata Super Big Band
Haworthia,fasciata Super Fasciata
Haworthia,fasciata Universe
Haworthia,herbacea
Haworthia,limifolia
Haworthia,limifolia Twister
Haworthia,pentagona
Haworthia,pentagona West Jogo
Haworthia,pentagona variegata
Haworthia,retusa
Haworthia,tessallata
Hedera,algeriensis Gloire de Marengo
Hedera,helix
Hedera,helix Brigitte
Hedera,helix Curly
Hedera,helix Diny
Hedera,helix Elja
Hedera,helix Esther
Hedera,helix Eva
Hedera,helix Evergreen
Hedera,helix Gitte
Hedera,helix Goldchild
Hedera,helix Golden Inge
Hedera,helix Golden Jytte
Hedera,helix Golden Kolibri
Hedera,helix Green Wonder
Hedera,helix Harlequin
Hedera,helix Hestor
Hedera,helix Jacobine
Hedera,helix Lady Kay
Hedera,helix Lingusta
Hedera,helix Mathilde
Hedera,helix Mein Herz
Hedera,helix Mini Esther
Hedera,helix Mini Kolibri
Hedera,helix Mini Wonder
Hedera,helix Mint Kolibri
Hedera,helix Monalisa
Hedera,helix Monty
Hedera,helix Pittsburgh
Hedera,helix Ripple Green
Hedera,helix Shamrock
Hedera,helix Sjoelle
Hedera,helix Spetchley
Hedera,helix Sweetheart
Hedera,helix Tamara
Hedera,helix White Ripple
Hedera,helix White Wonder
Hedera,helix Woerner
Hedera,helix Wonder
Hedera,helix Yellow Ripple
Hedera,hibernica
Hedera,Hilux
Hedera,Gazania
Hibiscus,P1
Hibiscus,P10
Hibiscus,P11
Hibiscus,P12
Hibiscus,P13
Hibiscus,P14
Hibiscus,P15
Hibiscus,P16
Hibiscus,P17
Hibiscus,P18
Hibiscus,P19
Hibiscus,P2
Hibiscus,P4
Hibiscus,P5
Hibiscus,P6
Hibiscus,P7
Hibiscus,P8
Hibiscus,P9
Hibiscus,Pink
Hibiscus,Red
Hibiscus,Pacific fire
Hibiscus,Pink dream
Hibiscus,wela red
Hibiscus,Hawai
Hibiscus,Cairo apricot
Hibiscus,Cairo rosa
Hibiscus,Cairo white
Hibiscus,Classic Rosa
Hibiscus,Pearl Eve
Hibiscus,Figian Snowwhite
Hibiscus,Surf
Hibiscus,Passion Red
Hibiscus,Passion Orange
Hibiscus,Classic Red
Hibiscus,Passion oben white
Hibiscus,Passion aeminbeleg
Hibiscus,Cairo blanco
Hibiscus,Arnuttianus
Hibiscus,Red Fire
Hibiscus,Dobelt Blomst
Hibiscus,Cairo Apricot Eye
Hibiscus,Safari
Hibiscus,Passion B
Hibiscus,Passion yellow
Hibiscus,Passion Rosa
Hibiscus,Hawai Bio6
Hibiscus,923
Hibiscus,Tivoli
Hibiscus,99 Arnonthinus
Hibiscus,Spot of pink Dream
Hibiscus,952
Hibiscus,95
Hibiscus,Classic Salmon
Hibiscus,Cairo Red
Hibiscus,Classic Apricot
Hibiscus,pep
Hibiscus,77430008
Hibiscus,77430009
Hibiscus,Irene mutation
Hibiscus,77430003
Hoya,Albo Variegata
Hoya,Bella
Hoya,Burtoniae
Hoya,Compacta Variegata
Hoya,Curtisii
Hoya,DS-70
Hoya,David Cummingi
Hoya,Flamingo
Hoya,Flamingo Dream
Hoya,Gracillis
Hoya,Green ghost
Hoya,Hoya Plain
Hoya,Krohniana Black Leaves
Hoya,Krohniana Black Margin
Hoya,Krohniana Eskimo
Hoya,Lacunosa
Hoya,Lacunosa Variegata
Hoya,Latifolia
Hoya,Longifolia
Hoya,Mathilda
Hoya,Mathilde
Hoya,Memoria
Hoya,Microphylla
Hoya,Obovata
Hoya,Percie
Hoya,Puber
Hoya,Quinquenervia
Hoya,Rosita
Hoya,Shirley 1
Hoya,Silver dark
Hoya,Sunrise
Hoya,Tricolor Wayetti
Hoya,Unknown 20
Hoya,Verticillata MA168
Hoya,Verticillata black margin
Hoya,Wayetii
Hoya,australis
Hoya,australis tricolor
Hoya,carnosa variegata
Hoya,compacta
Hoya,cumingiana
Hoya,davidcummingii
Hoya,heuschkeliana variegata
Hoya,krohnina Splash
Hoya,obscura Sunrise
Hoya,polyneura
Hoya,pubicalyx
Hoya,pubicalyx Silver Spot
Hoya,wayetii green
Hoya,Wrinkles
Hoya,callystophylla
Hoya,Sploei
Hoya,Krimson Queen
Hoya,Pot of Gold
Hoya,wilsbugiae
Hoya,Hayi
Hoya,Para splash
Hoya,AWT Blondie
Hoya,Variety N3
Hoya,Variety N4
Hoya,Variety N5
HUERNIA,Thuretti
Hydrangea,14-2001-02
Hydrangea,16-20018-01
Hydrangea,16-20018-02
Hydrangea,16-20029-13
Hydrangea,18-20499-02
Hydrangea,18-20613-02
Hydrangea,18-20614-01
Hydrangea,18-20644-02
Hydrangea,20-20930-06
Hydrangea,20-20947-01
Hydrangea,20-20954-01
Hydrangea,20-20955-03
Hydrangea,20-20957-01
Hydrangea,20-20957-02
Hydrangea,20-20957-06
Hydrangea,20-20984-01
Hydrangea,20-30089-07
Hydrangea,20-30091-01
Hydrangea,20-30091-03
Hydrangea,20-30091-05
Hydrangea,20-30092-01
Hydrangea,20-30092-07
Hydrangea,20-30092-08
Hydrangea,20-30092-09
Hydrangea,20-30092-11
Hydrangea,20-30092-12
Hydrangea,21-30276-02
Hydrangea,21-3033-02
Hydrangea,Adula
Hydrangea,Amacha
Hydrangea,Anda
Hydrangea,Ankong
Hydrangea,Antico Fresco(20-30033-02)
Hydrangea,Beauty of Boskoop (12-066-13)
Hydrangea,Bubble Gum
Hydrangea,Diva
Hydrangea,Doppio Bianco
Hydrangea,Doppio Eccelente
Hydrangea,Doppio Nuvola
Hydrangea,Doppio Rosa
Hydrangea,Early Blue
Hydrangea,F&E DE JONG
Hydrangea,Fabolo
Hydrangea,Forever and Ever
Hydrangea,Forever and Ever (08-016-01)
Hydrangea,Ice Boy
Hydrangea,Leuchtfeuer
Hydrangea,M. Rembrandt Inverno
Hydrangea,M. Rocky Red
Hydrangea,Macr Matahari
Hydrangea,Macr. Doppio Azzuro (19-20793-06)
Hydrangea,Macr. Vita Colori (20-30033-01)
Hydrangea,Magical Amethyst
Hydrangea,Magical Evolution
Hydrangea,Magical Jewel
Hydrangea,Magical Revolution
Hydrangea,Marshmallow
Hydrangea,Mata Hari
Hydrangea,Mc Pure
Hydrangea,Morana
Hydrangea,Multi Colori
Hydrangea,Ningbo
Hydrangea,Odoriko Amacha
Hydrangea,Paniculata Whitelight
Hydrangea,Pink Light
Hydrangea,Purelution
Hydrangea,Red Baron
Hydrangea,Rembrandt Autunno
Hydrangea,Rembrandt Bella Pesche
Hydrangea,Rembrandt Dolce Chic
Hydrangea,Rembrandt Elegant Rosa
Hydrangea,Rembrandt Estate
Hydrangea,Rembrandt Grande Blush (16-20010-02)
Hydrangea,Rembrandt Novello
Hydrangea,Rembrandt Rosso Glory
Hydrangea,Rembrandt Van Rijn (14-20001-01)
Hydrangea,Rembrandt Vibrandt Verde
Hydrangea,Rosita
Hydrangea,Royal Red
Hydrangea,Scandens
Hydrangea,Sneeuwbal
Hydrangea,Van Rijn
Hydrangea,Wine Gum
Hydrangea,Wudu
Hydrangea,Yae No Amacha
Hydrangea,doppio unicorn (19-20792-02)
Hydrangea,flower wow
Hydrangea,fox hero (20-20895-05)
Hydrangea,fox marble (20-30050-01)
Hydrangea,macrophylla Doppio Fredo
Hydrangea,macrophylla Doppio Rosato
Hydrangea,macrophylla Fox Pastel
Hydrangea,macrophylla Vox Marine
Hydrangea,macrophylla eclipse
Hydrangea,PMS
Hydrangea,G.Breaker
Hydrangea,Revo red
Hydrangea,Revo purple
Hydrangea,Revo green
Hydrangea,Revo yellow
Hydrangea,Amet
Hydrangea,UNG
Hypericum,06-0220-014 Berry Orange
Hypericum,10-0001-005
Hypericum,1315-02 White
Hypericum,15-0010-34 Berry Brown
Hypericum,15-0014-004 Berry Pink
Hypericum,16-0089-001
Hypericum,18-20499-02
Hypericum,18-20613-02
Hypericum,18-20614-01
Hypericum,18-20644-02
Hypericum,Baby
Hypericum,Berry Brown
Hypericum,Berry Orange
Hypericum,Berry Pink
Hypericum,Berry Red (Hot)
Hypericum,Coco fiesta
Hypericum,Coco montana
Hypericum,Coco rio
Hypericum,Go Mega
Hypericum,Green Jewel
Hypericum,Hot
Hypericum,Icy
Hypericum,Kiwi
Hypericum,Madelon
Hypericum,Magical Beauty
Hypericum,Magical Grace
Hypericum,Magical Green Power
Hypericum,Magical Green Revival
Hypericum,Magical Impression
Hypericum,Magical Innoncense
Hypericum,Magical Lightning
Hypericum,Magical Royal Princess
Hypericum,Magical Sunshine
Hypericum,Magical Universe
Hypericum,Magical White
Hypericum,Magical White Fall
Hypericum,Miracle Bliss
Hypericum,Miracle Blossom
Hypericum,Miracle Grandeur
Hypericum,Miracle Marvel
Hypericum,Miracle Night
Hypericum,Miracle Pistache
Hypericum,Miracle Summer
Hypericum,Orange
Hypericum,Red Jewel
Hypericum,Romance
Hypericum,Salmon Jewel
Hypericum,Silk Jewel
Hypericum,excellente
Ipomoea,118102
Ipomoea,19003
Ipomoea,19008
Ipomoea,20001
Ipomoea,BC
Ipomoea,BHK
Ipomoea,BHV
Ipomoea,BPV
Ipomoea,Beauregard
Ipomoea,Beauregard Improved
Ipomoea,Beauregard M
Ipomoea,Beauregard-2
Ipomoea,Beauregard-3
Ipomoea,Covington
Ipomoea,Covington 1
Ipomoea,Covington 2
Ipomoea,Covington E
Ipomoea,JPC
Ipomoea,SOHK 2019
Ipomoea,SOHK 2021
Ipomoea,Vineland L105
Ipomoea,Vineland T401
Ipomoea,08(05)2223
Iresine,Green
Iresine,Heart
Iresine,Herbstii Amaranthacea
JASMINUM,Nudiflorum
Kalanchoe,77150001
Kalanchoe,77150002
Kalanchoe,77150003
Kalanchoe,77150004
Kalanchoe,77150005
Kalanchoe,77150006
Kalanchoe,77150007
Kalanchoe,77150008
Kalanchoe,77150009
Kalanchoe,beharensis Roseleaf
Kalanchoe,beharensis var. subnuda
Kalanchoe,blossfeldiana
Kalanchoe,daigremontiana Alligator
Kalanchoe,daigremontiana Octopus
Kalanchoe,daigremontiana Pink Butterfly
Kalanchoe,delagoensis Tubiflora
Kalanchoe,houghtonii
Kalanchoe,kewensis
Kalanchoe,laciniata variegata
Kalanchoe,luciae Oricula
Kalanchoe,marmorata
Kalanchoe,schizophyllum
Kalanchoe,thyrsiflora
Kalanchoe,thyrsiflora variegata
Kalanchoe,tomentosa
Kalanchoe,tomentosa Brownie
Kalanchoe,tomentosa Chocolate Soldier
Kalanchoe,tomentosa Dark Brown
Kalanchoe,tomentosa Hairy Harry
Kalanchoe,tomentosa Yellow
Kalanchoe,Sarcophylla
Kalanchoe,V.plum power
Kalanchoe,Villosa Kasanda
Kalanchoe,Kaviendra
KNIPHIFIA,Spring Golden Rocket 22.007
KNIPHIFIA,Romantick Candlight 19.096
KNIPHIFIA,Spring Bright Rocket 22.095
KNIPHIFIA,Shiny Orange Firework 19.019
KNIPHIFIA,Moonlight Firework 22.091
KNIPHIFIA,Spring Fiery Orange Rocket 22.094
KNIPHIFIA,Bright Lemon Firework 19.020
KNIPHIFIA,Blazing Red Fireworks 202
KNIPHIFIA,Sunny Yellow Fireworks 244
KNIPHIFIA,Fiery Red Firework 21.001
KNIPHIFIA,Smooth Candlelight 19.096
KNIPHIFIA,Red Fireworks 19.019
KNIPHIFIA,Red&white Candle light 21.002
KNIPHIFIA,Orange exploding Firework 20.016
KNIPHIFIA,Fiery Candle Light
KNIPHIFIA,Tropical Fireworks 22.090
KNIPHIFIA,Fiery Flame Firework 19.022
KNIPHIFIA,Tenerine Fiirework 22.120
KNIPHIFIA,Strong Golden
KNIPHIFIA,Soft color
Lampranthus,blandus Pink Vygie
Lavandula,9116
Lavandula,9516
Lavandula,9716
Lavandula,Common Lavenda
Lavandula,Grande Purple
Lavandula,Purple Flag
Lavandula,2023-01-09 00:00:00
Lavandula,2023-01-06 00:00:00
Lavandula,2023-02-09 00:00:00
Lavandula,pink
Lavandula,2024-01-01 00:00:00
Lavandula,158-01-23
Lavandula,2023-01-17 00:00:00
Lavandula,250-01-24
Lavandula,203-01-24
Lavandula,tops
Lepismium,77310001
Lepismium,cruciforme f. spiralis
LIRIOPE,Muscari Ingwersen
LIRIOPE,Muscari Ingwersen Big Blue
LIRIOPE,Muscari Money Maker
LIRIOPE,Muscari Monroe White
LIRIOPE,Muscari Royal Purple
LIRIOPE,Muscari ´wit´
Lobelia,Mara Blue
Lobelia,Mara Light Blue
Lobelia,Mara White
Lomandra,Longifolia White Sands
Marcgravia,Umbellata
Miscanthus,sin. ´Strictus´
Miscanthus,Missmini 20.132
Miscanthus,Gray Plains 20.136
Miscanthus,Red Tundra 20.129
Miscanthus,Furry Tails 20.071
Miscanthus,Savannah Grass
Miscanthus,Blaze of stars
Miscanthus,77640007
Monstera,Siltepecana
Monstera,adansonii
Monstera,Silver
Monstera,Skeleton
Muehlenbeckia,Complexa Maori
Nematanthus,77170001
Nematanthus,77170002
Nematanthus,77170003
Nematanthus,gregarius
Nematanthus,gregarius Aurora Gold
Nematanthus,gregarius Cherio
Nematanthus,gregarius Miami
Nematanthus,gregarius variegata
Nematanthus,tropicana
Ophiopogon,Ophiopogon 1
Ophiopogon,Ophiopogon 2
Ophiopogon,Ophiopogon Variegata
Ophiopogon,planiscapus Niger
Opuntia,monocantha
Orostachys,iwarenge
Orostachys,Snow drops
Osteospermum,1035-01-19
Osteospermum,1335-01-20
Osteospermum,181-04-20
Osteospermum,279-04-20
Osteospermum,586-06-18
Osteospermum,747-08-19
Osteospermum,772-07-19
Osteospermum,78-02-20
Osteospermum,822-03-19
Osteospermum,943-01-20
Osteospermum,Carla
Osteospermum,Hilde
Osteospermum,Mark
Osteospermum,Nost14-008-1
Osteospermum,Nost14-T32
Osteospermum,Nost15-085-1
Osteospermum,Nov Cream White
Osteospermum,Nov Pure White
Osteospermum,Nov White Pink
Osteospermum,Señorita 1000-05-21(Orange)
Osteospermum,Señorita 1029-10-23 (Cream)
Osteospermum,Señorita 1049-12-23
Osteospermum,Señorita 1049-13-23
Osteospermum,Señorita 1077-04-21(Dark Yellow)
Osteospermum,Señorita 108-05-19
Osteospermum,Señorita 1142-05-22 (Orange)
Osteospermum,Señorita 119-03-20 (Cream)
Osteospermum,Señorita 1264-01-22 (Carla)
Osteospermum,Señorita 1382-01-22 (Havilah)
Osteospermum,Señorita 1382-03-22
Osteospermum,Señorita 1414-05-22 (24 Orange Yellow)
Osteospermum,Señorita 1436-01-21 (Purple)
Osteospermum,Señorita 1436-10-21 (Purple RO)
Osteospermum,Señorita 1446-01-21 (Nina)
Osteospermum,Señorita 1451-05-21 (Monica)
Osteospermum,Señorita 1484-01-21 (Light Pink)
Osteospermum,Señorita 153-01-23(Purple)
Osteospermum,Señorita 153-05-23 (24 Purple 353)
Osteospermum,Señorita 155-08-23 (24 Purple 454)
Osteospermum,Señorita 1574-02-21(Yellow Blue)
Osteospermum,Señorita 1574-02-22 (cream)
Osteospermum,Señorita 1612-02-22 (24 Creme)
Osteospermum,Señorita 1622-02-21 (Nina light)
Osteospermum,Señorita 163-06-24 (25 white purple eye)
Osteospermum,Señorita 1645-01-21(Orange)
Osteospermum,Señorita 165-01-23 (Purple 1)
Osteospermum,Señorita 167-01-20
Osteospermum,Señorita 1739-04-22 (Purple 2)
Osteospermum,Señorita 1743-05-22
Osteospermum,Señorita 1762-01-21 (Pink-Purple)
Osteospermum,Señorita 1918-01-22 (Red Purple Eye)
Osteospermum,Señorita 1924-04-23 (25 Monica)
Osteospermum,Señorita 2005-10-22 (24 Linda improved)
Osteospermum,Señorita 2008-02-23 (25 Giant Lilac)
Osteospermum,Señorita 2030-04-23 (25 Madonna)
Osteospermum,Señorita 2079-01-22 (24 Purple 151)
Osteospermum,Señorita 2106-03-22
Osteospermum,Señorita 2116-01-22 (24 White Blue)
Osteospermum,Señorita 2121-01-22 (24 Comp. Purple)
Osteospermum,Señorita 2123-07-22 (24 Davina)
Osteospermum,Señorita 2199-01-22 (Davina)
Osteospermum,Señorita 2200-06-22 (24 Pink Beauty)
Osteospermum,Señorita 276-02-20
Osteospermum,Señorita 281-05-18
Osteospermum,Señorita 309-01-23 (Peach)
Osteospermum,Señorita 309-03-23 (pink)
Osteospermum,Señorita 309-04-23
Osteospermum,Señorita 320-01-18
Osteospermum,Señorita 320-02-23
Osteospermum,Señorita 331-05-23
Osteospermum,Señorita 405-03-23 (24 Pink)
Osteospermum,Señorita 423-08-23
Osteospermum,Señorita 456-03-18
Osteospermum,Señorita 486-01-19
Osteospermum,Señorita 504-04-20(Monica)
Osteospermum,Señorita 537-04-19
Osteospermum,Señorita 54-05-18
Osteospermum,Señorita 547-06-22 (Yellow Deep)
Osteospermum,Señorita 576-06-23
Osteospermum,Señorita 586-06-18
Osteospermum,Señorita 61-01-22(Maaike)
Osteospermum,Señorita 623-01-22 (Valencia Red)
Osteospermum,Señorita 651-08-23 (Purple 3)
Osteospermum,Señorita 691-08-22 (RED D)
Osteospermum,Señorita 710-04-23 (Monica)
Osteospermum,Señorita 710-09-23 (light pink)
Osteospermum,Señorita 73-01-17
Osteospermum,Señorita 766-05-23 (paint)
Osteospermum,Señorita 780-08-19 (Creme)
Osteospermum,Señorita 168-01-23
Osteospermum,Señorita 80-15-20
Osteospermum,Señorita 809-03-20(White)
Osteospermum,Señorita 844-02-19
Osteospermum,Señorita 908-04-20 (Madonna)
Osteospermum,Señorita 925-01-21 (Yellow)
Osteospermum,Señorita A8
Osteospermum,Señorita Alexia
Osteospermum,Señorita Amalia
Osteospermum,Señorita Amora
Osteospermum,Señorita Andreea
Osteospermum,Señorita Belinda
Osteospermum,Señorita Blanca
Osteospermum,Señorita Bonita
Osteospermum,Señorita Carla
Osteospermum,Señorita Christina
Osteospermum,Señorita Coco
Osteospermum,Señorita Cream White
Osteospermum,Señorita Cynthia
Osteospermum,Señorita Davina
Osteospermum,Señorita Double Lovely Pink
Osteospermum,Señorita Double Mandarine Trail 24
Osteospermum,Señorita Double Pink
Osteospermum,Señorita Double Purple
Osteospermum,Señorita Double Violet
Osteospermum,Señorita Double White Pink
Osteospermum,Señorita Double White Trail 24
Osteospermum,Señorita Double Yellow
Osteospermum,Señorita Double white Blue
Osteospermum,Señorita Havilah
Osteospermum,Señorita Isabella
Osteospermum,Señorita Isabella Impr.
Osteospermum,Señorita Jutta
Osteospermum,Señorita Kiki
Osteospermum,Señorita Lia
Osteospermum,Señorita Linda
Osteospermum,Señorita Lola
Osteospermum,Señorita Lucia
Osteospermum,Señorita Maaike
Osteospermum,Señorita Madonna
Osteospermum,Señorita Marie
Osteospermum,Señorita Mathijs
Osteospermum,Señorita Mia
Osteospermum,Señorita Mila
Osteospermum,Señorita Monica
Osteospermum,Señorita Nina
Osteospermum,Señorita Pamela
Osteospermum,Señorita Purple Trail
Osteospermum,Señorita Quinty
Osteospermum,Señorita Red
Osteospermum,Señorita Ron Purple
Osteospermum,Señorita Rosita
Osteospermum,Señorita Sevilla
Osteospermum,Señorita Sharon
Osteospermum,Señorita Solana
Osteospermum,Señorita Solana Mutant
Osteospermum,Señorita Tanja
Osteospermum,Señorita Tanja Improved
Osteospermum,Señorita Valencia
Osteospermum,Señorita White Pink
Osteospermum,Señorita White Spoon
Osteospermum,Señorita Yvonna
Osteospermum,Señorita double Cream
Osteospermum,Señorita double Magenta
Osteospermum,Señorita double white
Osteospermum,A26-08-22
Osteospermum,1759-04-22
Osteospermum,1024-10-23
Osteospermum,105-01-23
Osteospermum,403-08-23
Osteospermum,135-08-23
Osteospermum,760-04-23
Osteospermum,1942(04)23
Pachyphytum,Blue Haze
Pachyphytum,Captain Jessop
Pachyphytum,Dramatic
Pachyphytum,Ganzhou
Pachyphytum,Macho
Pachyphytum,Moonstone
Pachyphytum,amethystinum
Pachysandra,Terminalis
Parthenocissus,Amazonica
Parthenocissus,Engelmanni
Parthenocissus,striata Sugar Vine
Passiflora,Caerulea
Passiflora,Constance Elliot
Passiflora,Purple Haze
Pedilanthus,77350001
Pedilanthus,tithymaloides
Pelargonium,Elegance Belinda
Pelargonium,Elegance Bravo
Pelargonium,Elegance Emma
Pelargonium,Elegance Judith
Pelargonium,Elegance Kate
Pelargonium,Elegance Rosanna
Pellionia,pulchra
Pellionia,repens
Pennisetum,Alopecuroides
Pennisetum,Rubrum
Pennisetum,al ´Hameln´
Peperomia,Burbella
Peperomia,Burning Bush
Peperomia,C.F. Antoniana
Peperomia,Emarginella
Peperomia,Green
Peperomia,Green Gold
Peperomia,Jellie
Peperomia,Lime
Peperomia,Nevada
Peperomia,Obtusifolia Green Gold
Peperomia,Pink Polka
Peperomia,Pixie Green
Peperomia,Pixie Lime
Peperomia,Pixie Lime.
Peperomia,Pixie Variegata
Peperomia,Red Canyon
Peperomia,Red Margin
Peperomia,Red Pepper
Peperomia,Rotundifolia
Peperomia,Tetragona
Peperomia,Trailing Jade
Peperomia,USA
Peperomia,Uniq
Peperomia,angulata
Peperomia,arifolia
Peperomia,asperula
Peperomia,caperata Brasilia
Peperomia,caperata Costa Rica
Peperomia,caperata Havanna
Peperomia,caperata Mendoza
Peperomia,caperata Milano
Peperomia,caperata Quito
Peperomia,caperata Rio
Peperomia,caperata Tokyo
Peperomia,clusiifolia Ginny
Peperomia,clusiifolia Red Margin
Peperomia,clusiifolia UNIQ Opus Magnum
Peperomia,columella
Peperomia,deppeana
Peperomia,dolabriformis
Peperomia,dolabriformis Firesparks
Peperomia,ferreyrae Amigo Marcello
Peperomia,ferreyrae Happy Bean
Peperomia,ferreyrae Happy Bean (Small)
Peperomia,graveolens
Peperomia,maculosa Smaragd
Peperomia,metallica Colombiana
Peperomia,nivalis UNIQ Opus Grandis
Peperomia,obtusifolia Green
Peperomia,obtusifolia Lemon Lime
Peperomia,obtusifolia Lime
Peperomia,obtusifolia Marble
Peperomia,obtusifolia Obtipan Bicolor
Peperomia,obtusifolia Obtipan Green
Peperomia,obtusifolia Variegata
Peperomia,pecuniifolia
Peperomia,polybotrya Raindrop
Peperomia,prostrata Pepperspot
Peperomia,prostrata String of Turtle
Peperomia,scandens variegata
Peperomia,serpens Pixie Green
Peperomia,serpens Pixie Lime
Peperomia,serpens Pixie Variegata
Peperomia,trifolia UNIQ Opus Prima
Peperomia,verticillata Belly Button
Peperomia,verticillata Red Log
Peperomia,pereskifolia
Peperomia,Irene
Peperomia,Thymus vulgaris variegata
Peperomia,Sarcophylla
Peperomia,Golden Gates
Pericallis,44562
Pericallis,108-01-22
Pericallis,108-02-23
Pericallis,116-01-21(Pink Bicolor)
Pericallis,116-01-22
Pericallis,144-01-23
Pericallis,150-01-23
Pericallis,167-01-21
Pericallis,180-01-23
Pericallis,187-01-21
Pericallis,202-01-21
Pericallis,202-01-22
Pericallis,202-02-21
Pericallis,202-03-21
Pericallis,202-04-21
Pericallis,202-05-21
Pericallis,202-06-21
Pericallis,204-01-21
Pericallis,222-01-22
Pericallis,227-01-23
Pericallis,240-01-22
Pericallis,243-01-22
Pericallis,243-02-21
Pericallis,245-01-22
Pericallis,249-01-22
Pericallis,44564
Pericallis,342-01-22
Pericallis,366-01-22
Pericallis,414-01-23
Pericallis,42-01-21
Pericallis,42-02-21
Pericallis,427-01-22
Pericallis,437-01-22
Pericallis,438-01-22
Pericallis,440-01-22
Pericallis,440-01-23
Pericallis,475-01-22
Pericallis,476-01-22
Pericallis,53-01-21
Pericallis,53-01-22
Pericallis,549-01-22
Pericallis,561-01-22
Pericallis,44932
Pericallis,61-01-22
Pericallis,664-01-22
Pericallis,69-01-22
Pericallis,83-01-22
Pericallis,83-02-22
Pericallis,85-02-22
Pericallis,44570
Pericallis,Blue Bicolor
Pericallis,Blue White XXL
Pericallis,Bright Carmin
Pericallis,Dark Pink
Pericallis,Deep Blue
Pericallis,Flame Magenta Yellow
Pericallis,Flamingo Pink
Pericallis,Grape
Pericallis,Hot Pink Bicolor
Pericallis,Kobalt Blue
Pericallis,Lavender
Pericallis,Magenta
Pericallis,Magenta Bicolor
Pericallis,Magic Blue
Pericallis,Magic Pink Blue
Pericallis,Magic Salmon
Pericallis,Orange Red
Pericallis,Pericallis spp
Pericallis,Pink
Pericallis,Pink Bicolor
Pericallis,Purple Red
Pericallis,Red
Pericallis,Red Bicolor
Pericallis,Ruby Red
Pericallis,Salmon Pink
Pericallis,Senetti diamond blue
Pericallis,Senetti diamond pink
Pericallis,Senetti diamond pink special
Pericallis,Senetti diamond purple
Pericallis,Senetti diamond white
Pericallis,Senetti diamond white blue
Pericallis,Super Blue
Pericallis,Tall White
Pericallis,Violet
Pericallis,Violet Bicolor
Pericallis,White Blue Heart
Pericallis,White Red Heart
Pericallis,Yellow
Philodendron,Scandens
Philodendron,Scandens Brasil
Philodendron,Scandens Lime
Philodendron,Unknown 1
Philodendron,Bullseye
Philodendron,Sweethart
Philodendron,Lucky Lilac
Philodendron,Cherrys crush
Philodendron,Desire
Philodendron,Primadona
Philodendron,Hederaceum
Photinia,Red robin
Pilea,Ellen
Pilea,Hitchcockii
Pilea,Moonvalley
Pilea,Norfolk
Pilea,Silver Tree
Pilea,Silver Tree*
Pilea,Variety 11
Pilea,cadierei
Pilea,depressa Sao Paolo
Pilea,glauca Aquamarine
Pilea,nummulariifolia
Pilea,peperomioides
Pilea,77420003
Portulaca,119-24
Portulaca,127-24
Portulaca,134-24
Portulaca,145-24
Portulaca,154-24
Portulaca,155-24
Portulaca,161-24
Portulaca,174-24
Portulaca,190-24
Portulaca,219-24
Portulaca,225-24
Portulaca,48-24
Portulaca,56-24
Portulaca,Bicolor 24-24
Portulaca,Grandiflora Red
Portulaca,Grandiflora White
Portulaca,Grandiflora Yellow
Portulaca,New Orange
Portulaca,New Red
Portulaca,Pink
Portulaca,Pink 103-24
Portulaca,Pink 107-24
Portulaca,Pink 11-24
Portulaca,Pink 113-24
Portulaca,Pink 114-24
Portulaca,Pink 94-24
Portulaca,Red
Portulaca,Red 114-24
Portulaca,Red 56-24
Portulaca,White
Portulaca,Yellow
Portulaca,molokinensis
Portulacaria,77210001
Portulacaria,afra Mediopicta
Portulacaria,afra Variegata
Rhipsalis,baccifera
Rhipsalis,baccifera Cashero
Rhipsalis,baccifera Cassutha
Rhipsalis,burchelli
Rhipsalis,capilliformis
Rhipsalis,cereuscula
Rhipsalis,clavata
Rhipsalis,pilocarpa
Rhipsalis,Crispata
Rhoicissus,Ellen Danica
RIBES,Captivator
RIBES,uva-crispa Captivator red Easycrisp®
Rubus,Black Satin
Rubus,Loch Ness
Rubus,Oregon Thornless
Rubus,Phoeniculasius (Japanische Weinbeere)
Rubus,Tayberry
Rubus,Thornless Evergreen
Sagina,hawaiensis
Saintpaulia,ionantha Nonna Bicolor Dark Red White
Saintpaulia,ionantha Nonna Bicolor Light Pink
Saintpaulia,ionantha Nonna Bicolor Lilac White
Saintpaulia,ionantha Nonna Bicolor Red White
Saintpaulia,ionantha Nonna Bicolor Salmon Pink
Saintpaulia,ionantha Nonna Bicolor White Blue
Saintpaulia,ionantha Nonna Bicolor White Pink
Saintpaulia,ionantha Nonna Blue
Saintpaulia,ionantha Nonna Blue Silver
Saintpaulia,ionantha Nonna Bright Blue
Saintpaulia,ionantha Nonna Bright Pink
Saintpaulia,ionantha Nonna Bright Red
Saintpaulia,ionantha Nonna Dark Blue
Saintpaulia,ionantha Nonna Dark Blue White
Saintpaulia,ionantha Nonna Double
Saintpaulia,ionantha Nonna Light Blue
Saintpaulia,ionantha Nonna Light Double Raffled
Saintpaulia,ionantha Nonna Light Pink
Saintpaulia,ionantha Nonna Light Red
Saintpaulia,ionantha Nonna Pink
Saintpaulia,ionantha Nonna Raspberry White
Saintpaulia,ionantha Nonna Red
Saintpaulia,ionantha Nonna Smart Blue
Saintpaulia,ionantha Nonna Smart Pink
Saintpaulia,ionantha Nonna Sweet Pink
Saintpaulia,ionantha Nonna White
Saintpaulia,ionantha Nonna White Blue
Sansevieria,bacularis Fernwood
Sansevieria,bacularis Mikado
Sansevieria,parva
Sansevieria,superba Futura
Sansevieria,superba Futura 5 LEAF TIED
Sansevieria,superba Futura SINGLE LEAF
Sansevieria,superba Robusta
Sansevieria,superba Robusta 5 LEAF TIED
Sansevieria,superba Robusta SINGLE LEAF
Sansevieria,trifasciata Black Jade Hahnii
Sansevieria,trifasciata Black Jade Hahnii 5 LEAF TIED
Sansevieria,trifasciata Black Jade Hahnii SINGLE LEAF
Sansevieria,trifasciata Golden Hahnii
Sansevieria,trifasciata Golden Hahnii 5 LEAF TIED
Sansevieria,trifasciata Golden Hahnii SINGLE LEAF
Sansevieria,trifasciata Green Hahnii
Sansevieria,trifasciata Green Hahnii 5 LEAF TIED
Sansevieria,trifasciata Green Hahnii SINGLE LEAF
Sansevieria,trifasciata Jade Pagoda Hahnii
Sansevieria,trifasciata Jade Pagoda Hahnii 5 LEAF TIED
Sansevieria,trifasciata Jade Pagoda Hahnii SINGLE LEAF
Sansevieria,Panthera
Sansevieria,Jungle jewels
Sansevieria,77240004
Sansevieria,77230003
Sansevieria,77230002
Sansevieria,77230001
Sansevieria,77230004
Sanvitalia,Austin
Sanvitalia,Dallas
Sanvitalia,Denver
Sanvitalia,Miami
Sanvitalia,Reno
Sanvitalia,Sanvitalia
Sanvitalia,Sanvitalia New Sunset Sunny Stars
Sanvitalia,Sanvitalia Yellow Mini Sunny Stars
Sanvitalia,Sanvitalia Yellow Spot Sunny Stars
Sanvitalia,Sanvitalia spp
Sanvitalia,Tampa
Sanvitalia,Toledo
Sanvitalia,Troy
Sanvitalia,Waco
Sanvitalia,Yellow Mini
Sanvitalia,Yellow Spot
Saxifraga,77250001
Saxifraga,77250002
Saxifraga,stolonifera
Saxifraga,stolonifera Dark Green
Saxifraga,stolonifera Tricolor
Saxifraga,stolonifera Variegata White
Scaevola,aemula Ocean Blues Falls
Scaevola,aemula White Falls
Scaevola,White white
Scaevola,31(01)23
Scaevola,233-23
Schefflera,Madame D Smet
Schefflera,Madame De Smet
Schlumbergera,77260001
Schlumbergera,77260002
Schlumbergera,77260003
Schlumbergera,77260004
Schlumbergera,77260005
Schlumbergera,77260006
Schlumbergera,77260007
Schlumbergera,77260008
Schlumbergera,77260009
Schlumbergera,77260010
Schlumbergera,77260011
Schlumbergera,77260012
Schlumbergera,77260013
Schlumbergera,77260014
Schlumbergera,77260015
Schlumbergera,77260016
Schlumbergera,77260017
Schlumbergera,77260018
Schlumbergera,77260019
Schlumbergera,77260020
Schlumbergera,77260021
Schlumbergera,77260022
Schlumbergera,77260023
Schlumbergera,77260024
Schlumbergera,77260025
Schlumbergera,77260026
Schlumbergera,77260027
Schlumbergera,77260028
Schlumbergera,77260029
Schlumbergera,77260030
Schlumbergera,77260031
Schlumbergera,77260032
Schlumbergera,77260033
Schlumbergera,77260034
Schlumbergera,77260035
Schlumbergera,77260036
Schlumbergera,77260037
Schlumbergera,77260038
Schlumbergera,77260039
Schlumbergera,77260040
Schlumbergera,77260041
Schlumbergera,77260042
Schlumbergera,77260043
Schlumbergera,truncata Cyber Pink
Schlumbergera,truncata Exotic Red
Schlumbergera,truncata Jolly Purple
Schlumbergera,truncata Malissa White
Schlumbergera,truncata Sonic Red
Schlumbergera,truncata Vida Orange
Schlumbergera,truncata hybrid
Sedum,77270001
Sedum,77270002
Sedum,77270003
Sedum,Alice variegata
Sedum,Blue Brazil
Sedum,Blue Elf
Sedum,Blue Lotus
Sedum,Green Star
Sedum,Little Gem
Sedum,adolphii
Sedum,adolphii Golden
Sedum,adolphii Sunset
Sedum,album Author
Sedum,cauticolum
Sedum,confusum
Sedum,floriferum Weihenstephaner Gold
Sedum,indicum var. yunnanense
Sedum,lucidum Obesum
Sedum,morganianum Burrito
Sedum,morganianum Donkey´s Tail
Sedum,nussbaumerianum
Sedum,reflexum Blue Spruce
Sedum,rupestre Godzilla
Sedum,rupestre Lemon Ball
Sedum,spurium Green
Sedum,spurium ´Variegatum´
Sedum,tetractinum Coral Reef
Sedum,Banana Split
Sedum,Markinoi
Sempervivum,77280001
Sempervivum,77280002
Sempervivum,77280003
Sempervivum,77280004
Sempervivum,77280005
Sempervivum,77280006
Sempervivum,77280007
Sempervivum,77280008
Sempervivum,77280009
Sempervivum,77280010
Sempervivum,77280011
Sempervivum,77280012
Sempervivum,77280013
Sempervivum,77280014
Sempervivum,77280015
Sempervivum,77280016
Sempervivum,77280017
Sempervivum,77280018
Sempervivum,77280019
Sempervivum,77280020
Sempervivum,77280021
Sempervivum,77280022
Sempervivum,77280023
Sempervivum,77280024
Sempervivum,77280025
Sempervivum,77280026
Sempervivum,77280027
Sempervivum,77280028
Sempervivum,77280029
Sempervivum,77280030
Sempervivum,77280031
Sempervivum,77280032
Sempervivum,77280033
Sempervivum,77280034
Sempervivum,77280035
Sempervivum,77280036
Sempervivum,77280037
Sempervivum,77280038
Sempervivum,77280039
Sempervivum,77280040
Sempervivum,77280041
Sempervivum,77280042
Sempervivum,Arctic White
Sempervivum,Blushing Garnet
Sempervivum,Bronco
Sempervivum,Coconut Crystal
Sempervivum,Coral Red
Sempervivum,Emerald Swirl
Sempervivum,Lemon Flare
Sempervivum,Oscularis
Sempervivum,Quiliames
Sempervivum,Red
Sempervivum,Reinhart
Sempervivum,Ruby Lime
Sempervivum,Summer Frost
Sempervivum,Tomulin
Sempervivum,X Aeonium Semponium ´Destiny´
Sempervivum,X Aeonium Semponium ´Diamond´
Sempervivum,X Aeonium Semponium ´Sienna´
Sempervivum,X Aeonium Semponium ´Vortex´
Sempervivum,braunii
Sempervivum,jovibarba sobolifera
Sempervivum,tectorum
Sempervivum,Gold dust
Semponium,Destiny
Semponium,Diamond
Semponium,Halo
Semponium,Miss Frosty
Semponium,Sienna
Semponium,Vortex
Senecio,77290001
Senecio,77290002
Senecio,77290003
Senecio,77290004
Senecio,77290005
Senecio,barbertonicus Himalaya
Senecio,cephalophorus Jolisa
Senecio,cephalophorus Mountain Fire
Senecio,crassissimus
Senecio,ficoides Blue Dolphins
Senecio,ficoides Blue Skyline
Senecio,ficoides Blue Waves
Senecio,ficoides Elkhorn
Senecio,ficoides Pisa
Senecio,herreianus Purple Flush
Senecio,herreianus Purple Flush variegata
Senecio,herreianus String of Teardrops
Senecio,herreianus String of Watermelons
Senecio,jacobsenii
Senecio,macroglossus
Senecio,macroglossus variegata
Senecio,mandraliscae
Senecio,mikanioides
Senecio,peregrinus String of Dolphins
Senecio,radicans Fishhook
Senecio,radicans String of Bananas
Senecio,radicans String of Smiles
Senecio,rowleyanus Marble
Senecio,rowleyanus String of Pearls
Senecio,scaposus
Senecio,scaposus Addoensis
Senecio,scaposus foglia corta
Senecio,stapeliiformis
Seyrigia,77370001
Strelitzia,nicolai
Strelitzia,reginae
Strelitzia,reginea
Streptocarpus,Pretty Turtle
Streptocarpus,Black turtle
Sygonium,Unknown 1
Tolmiea,menziesii
Trachelospermum,Pink Showers
Trachelospermum,Star of Milano
Trachelospermum,Star of Toscana
Trachelospermum,jasminoides  Star of Venice
Tradescantia,77300001
Tradescantia,77300002
Tradescantia,77300003
Tradescantia,77300004
Tradescantia,77300005
Tradescantia,77300006
Tradescantia,77300007
Tradescantia,77300008
Tradescantia,77300009
Tradescantia,77300010
Tradescantia,Hijan Baru
Tradescantia,Lollipop
Tradescantia,Sweetness
Tradescantia,albiflora Albovittata
Tradescantia,albiflora Albovittata Compact
Tradescantia,andersonia Blushing Bride
Tradescantia,chrysophylla Baby Bunny Bellies
Tradescantia,chrysophylla Baby Bunny Bellies variegata
Tradescantia,mundula Tricolor
Tradescantia,navicularis
Tradescantia,pallida Purple Heart
Tradescantia,sillamontana Velvet Brown
Tradescantia,sillamontana Velvet Purple
Tradescantia,sillamontana Velvet Variegata
Tradescantia,sillamontana Velvet White
Tradescantia,somaliensis
Tradescantia,spathacea Silver
Tradescantia,spathacea Tricolor
Tradescantia,zebrina
Tradescantia,zebrina Emerald
Tradescantia,zebrina Purple Highway
Tradescantia,zebrina Purple Passion
Tradescantia,UNC
Tradescantia,Zebrina Evanesce
Tradescantia,Blue pink
Tradescantia,continental
Tradescantia,Pink
Tradescantia,Sweet Abby
Tradescantia,Pink prairie
Tradescantia,Pink ferry
Tradescantia,Eden collection
Uncinia,rubra
Unknown,Variety 19
Unknown,Variety B
Unknown,Variety C
Unknown,Variety D
Unknown,Variety F
Unknown,Variety G
Unknown,Variety H
Unknown,Variety I
Unknown,77770001
Unknown,77720001
Unknown,77740004
Unknown,Unknown G
Unknown,77690001
Unknown,77670001
Unknown,77790001
Unknown,77820001
Unknown,77780001
Unknown,Variety 2
Unknown,77760001
Unknown,Unknown 2
Unknown,Unknown H
Unknown,Unknown 1
Verbena,465-01-25 Red Pink
Verbena,482-01-25 Pink White
Verbena,482-02-25 White Pink
Verbena,485-01-25 White
Verbena,485-02-25 White
Verbena,485-03-25 White
Verbena,485-04-25 White
Verbena,521-01-25 Red Pink
Verbena,Amsterdam Red
Verbena,Bonn Pink
Verbena,Lille White
Verbena,Oslo Pink & White
Verbena,Paris
Verbena,Pisa Purple
Verbena,peruviana
Vinca,Major
Vinca,Minor
Vinca,Minor Alba
Vinca,Minor B.
Vinca,Minor C.
Vinca,Minor C.B.
Vinca,Minor D.
Vinca,Minor D.S.
Vinca,Minor G.
Vinca,Minor HA.
Vinca,Minor HE.
Vinca,Minor LA Grave
Vinca,Minor R.W.
Vinca,Minor S.
Vinca,Minor T.
Vinca,Vinca Variegata
Vinca,Blue&Gold
Vinca,G.Jeckyii
Vinca,R.Shugurt
Vinca,Antropurpurea
VITIS,Boskoop Glory
VITIS,Johanniter
VITIS,Pixie Cabernet Franc
VITIS,Pixie Pinot Meunier Purple
VITIS,Pixie Riesling
VITIS,Dryproris
Waldstenia,Ternata
Waldstenia,Cotton Easter
Waldstenia,Strebsfinding
Waldstenia,Unknown 1
Waldstenia,Mirana
Waldstenia,Coral beauty
Xerochrysum,Bracteatum Dark Orange Flame
Xerochrysum,Bracteatum Dark Pink Flame
Xerochrysum,Bracteatum Old Pink Flame
Xerochrysum,Bracteatum Pink Flame Improved
Xerochrysum,Bracteatum Red Orange Flame
Xerochrysum,Bracteatum White Flame
Xerochrysum,Bracteatum White Glace
