file,function
server/canonical-report.js,firstDefined
server/canonical-report.js,locationValues
server/canonical-report.js,canonicalFromReport
server/canonical-report.js,canonicalHeaders
server/canonical-report.js,canonicalRow
server/canonical-report.js,canonicalRecordFromRow
server/app.js,preview
server/app.js,createApp
server/db-store.js,getReference
server/db-store.js,getCropVarieties
server/db-store.js,getReports
server/db-store.js,findReport
server/db-store.js,saveReport
server/db-store.js,updateReport
server/db-store.js,deleteReport
server/db-store.js,nextReportId
server/db-store.js,addPestObservation
server/db-store.js,addDiseaseObservation
server/db-store.js,getStats
server/db-store.js,enrichReportRow
server/db-store.js,deriveStatus
server/admin-users.controller.test.js,clearModules
server/admin-users.controller.test.js,fake
server/admin-crop-variety.controller.test.js,loadController
server/admin-crop-variety.controller.test.js,response
server/pest.store.test.js,loadStoreWithMockDb
server/pest.store.test.js,result
server/pest.store.test.js,runQuery
server/admin-pest.controller.test.js,loadController
server/admin-pest.controller.test.js,response
server/app.test.js,loadAppWithMocks
server/app.test.js,fakeModule
server/app.test.js,request
server/crop-variety.store.test.js,loadStoreWithMockDb
server/crop-variety.store.test.js,result
server/crop-variety.store.test.js,runQuery
server/store.js,db
server/store.js,getDiseasesAdmin
server/store.js,findDisease
server/store.js,createDisease
server/store.js,updateDisease
server/store.js,deleteDisease
server/store.js,normalizeDiseaseInput
server/store.js,getPestsAdmin
server/store.js,findPest
server/store.js,createPest
server/store.js,updatePest
server/store.js,deletePest
server/store.js,normalizePestInput
server/store.js,getCropTypesAdmin
server/store.js,findCropType
server/store.js,createCropType
server/store.js,updateCropType
server/store.js,deleteCropType
server/store.js,normalizeCropTypeInput
server/store.js,getFarms
server/store.js,findFarm
server/store.js,createFarm
server/store.js,updateFarm
server/store.js,deleteFarm
server/store.js,normalizeFarmInput
server/store.js,getReference
server/store.js,getCropVarieties
server/store.js,getCropVarietiesAdmin
server/store.js,findCropVariety
server/store.js,createCropVariety
server/store.js,updateCropVariety
server/store.js,deleteCropVariety
server/store.js,normalizeParentCropTypeId
server/store.js,normalizeVarietyId
server/store.js,normalizeCropVarietyInput
server/store.js,getReports
server/store.js,findReport
server/store.js,saveReport
server/store.js,updateReport
server/store.js,deleteReport
server/store.js,nextReportId
server/store.js,addPestObservation
server/store.js,addDiseaseObservation
server/store.js,getStats
server/store.js,buildAccessClause
server/store.js,buildWhereClause
server/store.js,canAccessReport
server/store.js,buildReportFilters
server/store.js,normalizePagination
server/store.js,withStoreErrors
server/store.js,normalizeDbError
server/store.js,normalizeReportInput
server/store.js,resolveFarm
server/store.js,resolveCropType
server/store.js,assertCropVariety
server/store.js,normalizeObservationArray
server/store.js,normalizePestObservation
server/store.js,normalizeDiseaseObservation
server/store.js,resolveReferenceName
server/store.js,insertPestObservation
server/store.js,insertDiseaseObservation
server/store.js,refreshReportStatus
server/store.js,normalizeUpdateValue
server/store.js,deriveStatus
server/store.js,enrichReportRow
server/store.js,enrichPestObservation
server/store.js,enrichDiseaseObservation
server/store.js,parseJsonbArray
server/store.js,assertNonEmptyString
server/store.js,optionalString
server/store.js,normalizeSeverity
server/store.js,normalizeDate
server/store.js,normalizeInteger
server/store.js,normalizeOptionalInteger
server/store.js,normalizeOptionalNumber
server/store.js,normalizeLocation
server/store.js,formatDate
server/store.js,formatTimestamp
server/store.js,toNullableNumber
server/store.js,getIsoWeek
server/store.js,makeObservationId
server/admin-reference.controller.test.js,loadController
server/admin-reference.controller.test.js,response
server/admin-crop-type.controller.test.js,loadController
server/admin-crop-type.controller.test.js,response
server/dashboard.js,snapshot
server/db.js,query
server/db.js,transaction
server/db.js,testConnection
server/db.js,getHealth
server/db.js,close
server/workflow.js,canShare
server/workflow.js,nextStageAfterShare
server/workflow.js,verifyTransition
server/workflow.js,expectedVerifierRole
server/workflow.js,expectedRecipientRole
server/workflow.js,roleLabel
server/canonical-observations.js,domain
server/canonical-observations.js,validatePayload
server/canonical-observations.js,insertObservation
server/canonical-observations.js,listObservations
server/canonical-observations.js,fullReport
server/auth.js,registerUser
server/auth.js,loginUser
server/auth.js,logoutSession
server/auth.js,getUserForToken
server/auth.js,getUserById
server/auth.js,authenticate
server/auth.js,authorizeRoles
server/auth.js,extractToken
server/auth.js,createSession
server/auth.js,signAccessToken
server/auth.js,signJwt
server/auth.js,verifyAccessToken
server/auth.js,hashPassword
server/auth.js,verifyPassword
server/auth.js,pbkdf2
server/auth.js,normalizeRegistration
server/auth.js,validatePassword
server/auth.js,normalizeEmail
server/auth.js,resolveRegistrationRole
server/auth.js,sanitizeUser
server/auth.js,formatTimestamp
server/auth.js,isValidDate
server/auth.js,signJwtInput
server/auth.js,getJwtSecret
server/auth.js,encodeBase64UrlJson
server/auth.js,decodeBase64UrlJson
server/auth.js,safeEqual
server/auth.js,assertSessionId
server/auth.js,withAuthErrors
server/farm.store.test.js,loadStoreWithMockDb
server/farm.store.test.js,result
server/farm.store.test.js,runQuery
server/auth.test.js,loadAuthWithMockDb
server/auth.test.js,runQuery
server/auth.test.js,result
server/auth.test.js,rows
server/auth-regression.test.js,loadPageAuth
server/auth-regression.test.js,req
server/auth-regression.test.js,response
server/admin-disease.controller.test.js,loadController
server/admin-disease.controller.test.js,response
server/verification-checklist.js,checklistStageForWorkflow
server/verification-checklist.js,ensureChecklist
server/verification-checklist.js,getChecklist
server/verification-checklist.js,updateChecklist
server/verification-checklist.js,assertChecklistComplete
server/verification-checklist.js,mapItem
server/store.crud.test.js,loadStoreWithMockDb
server/store.crud.test.js,runQuery
server/store.crud.test.js,result
server/store.crud.test.js,rows
server/disease.store.test.js,loadStoreWithMockDb
server/disease.store.test.js,result
server/disease.store.test.js,runQuery
server/report-persistence.contract.test.js,reportInsertContract
server/metrics.js,metricsMiddleware
server/metrics.js,snapshot
server/phase22.contract.test.js,read
server/index.js,startServer
server/index.js,shutdown
server/index.js,validateProductionEnvironment
server/index.js,createListeningServer
server/workflow.store.js,getWorkflow
server/workflow.store.js,getInbox
server/workflow.store.js,listRecipients
server/workflow.store.js,shareReport
server/workflow.store.js,verifyReport
server/workflow.store.js,getWorkflowForClient
server/workflow.store.js,withHistory
server/workflow.store.js,assertCanView
server/workflow.store.js,assertCanAct
server/workflow.store.js,expectedRecipientRoleForActor
server/workflow.store.js,baseSelect
server/workflow.store.js,mapWorkflow
server/workflow.store.js,mapEvent
server/workflow.store.js,insertEvent
server/xlsx-lite.js,xmlEscape
server/xlsx-lite.js,xmlUnescape
server/xlsx-lite.js,columnName
server/xlsx-lite.js,columnIndex
server/xlsx-lite.js,crc32
server/xlsx-lite.js,u16
server/xlsx-lite.js,u32
server/xlsx-lite.js,zip
server/xlsx-lite.js,makeWorksheet
server/xlsx-lite.js,createWorkbook
server/xlsx-lite.js,unzip
server/xlsx-lite.js,parseWorksheet
server/xlsx-lite.js,parseSharedStrings
server/xlsx-lite.js,readWorkbook
server/canonical-model.js,getCanonicalModel
server/crop-type.store.test.js,loadStoreWithMockDb
server/crop-type.store.test.js,result
server/crop-type.store.test.js,runQuery
previews/auth.js,loadFromStorage
previews/auth.js,saveToStorage
previews/auth.js,clearState
previews/auth.js,getAuthHeaders
previews/auth.js,createError
previews/auth.js,parseJsonSafe
previews/auth.js,redirectTo
previews/auth.js,redirectToLogin
previews/auth.js,loadMe
previews/auth.js,init
previews/auth.js,authAction
previews/auth.js,login
previews/auth.js,register
previews/auth.js,logout
previews/auth.js,fetchWithAuth
previews/auth.js,getUser
previews/auth.js,getToken
previews/auth.js,clear
previews/browser-auth.test.js,createResponse
previews/browser-auth.test.js,loadBrowserAuth
previews/browser-auth.test.js,fetch
previews/admin-reference.js,parseError
previews/workflow-dashboard.js,esc
previews/workflow-dashboard.js,api
previews/workflow-dashboard.js,setMessage
previews/workflow-dashboard.js,loadInbox
previews/workflow-dashboard.js,openWorkflow
previews/workflow-dashboard.js,loadRecipients
previews/workflow-dashboard.js,verify
previews/workflow-dashboard.js,share
previews/workflow-dashboard.js,closeWorkflow
previews/admin-reference.test.js,loadClient
previews/admin-reference.test.js,response
scripts/verify-phase18.js,check
scripts/verify-phase8.js,check
scripts/verify-phase8.js,read
scripts/verify-phase8.js,exists
scripts/verify-phase19.js,check
scripts/verify-phase23.js,pass
scripts/verify-phase23.js,fail
scripts/verify-phase17.js,check
scripts/verify-phase3.js,check
scripts/verify-phase10.js,check
scripts/verify-phase14.js,check
scripts/verify-phase9.js,check
scripts/verify-phase9.js,read
scripts/verify-phase9.js,exists
scripts/verify-phase6.js,check
scripts/verify-phase12.js,check
scripts/verify-phase12.js,exists
scripts/verify-phase12.js,text
scripts/verify-phase4.js,check
scripts/kill-port.js,killPort
scripts/verify-phase1.js,check
scripts/verify-phase5.js,check
scripts/verify-phase13.js,check
scripts/verify-phase13.js,exists
scripts/verify-phase13.js,text
scripts/verify-phase15.js,check
scripts/verify-phase21.js,expect
scripts/verify-phase11.js,check
scripts/verify-phase11.js,exists
scripts/verify-phase11.js,text
scripts/verify-phase16.js,check
scripts/verify-phase2.js,read
scripts/verify-phase2.js,check
Scout-Report-Reviewed-2026-08-14/server/canonical-report.js,firstDefined
Scout-Report-Reviewed-2026-08-14/server/canonical-report.js,locationValues
Scout-Report-Reviewed-2026-08-14/server/canonical-report.js,canonicalFromReport
Scout-Report-Reviewed-2026-08-14/server/canonical-report.js,canonicalHeaders
Scout-Report-Reviewed-2026-08-14/server/canonical-report.js,canonicalRow
Scout-Report-Reviewed-2026-08-14/server/canonical-report.js,canonicalRecordFromRow
Scout-Report-Reviewed-2026-08-14/server/app.js,preview
Scout-Report-Reviewed-2026-08-14/server/app.js,createApp
Scout-Report-Reviewed-2026-08-14/server/db-store.js,getReference
Scout-Report-Reviewed-2026-08-14/server/db-store.js,getCropVarieties
Scout-Report-Reviewed-2026-08-14/server/db-store.js,getReports
Scout-Report-Reviewed-2026-08-14/server/db-store.js,findReport
Scout-Report-Reviewed-2026-08-14/server/db-store.js,saveReport
Scout-Report-Reviewed-2026-08-14/server/db-store.js,updateReport
Scout-Report-Reviewed-2026-08-14/server/db-store.js,deleteReport
Scout-Report-Reviewed-2026-08-14/server/db-store.js,nextReportId
Scout-Report-Reviewed-2026-08-14/server/db-store.js,addPestObservation
Scout-Report-Reviewed-2026-08-14/server/db-store.js,addDiseaseObservation
Scout-Report-Reviewed-2026-08-14/server/db-store.js,getStats
Scout-Report-Reviewed-2026-08-14/server/db-store.js,enrichReportRow
Scout-Report-Reviewed-2026-08-14/server/db-store.js,deriveStatus
Scout-Report-Reviewed-2026-08-14/server/admin-users.controller.test.js,clearModules
Scout-Report-Reviewed-2026-08-14/server/admin-users.controller.test.js,fake
Scout-Report-Reviewed-2026-08-14/server/admin-crop-variety.controller.test.js,loadController
Scout-Report-Reviewed-2026-08-14/server/admin-crop-variety.controller.test.js,response
Scout-Report-Reviewed-2026-08-14/server/pest.store.test.js,loadStoreWithMockDb
Scout-Report-Reviewed-2026-08-14/server/pest.store.test.js,result
Scout-Report-Reviewed-2026-08-14/server/pest.store.test.js,runQuery
Scout-Report-Reviewed-2026-08-14/server/admin-pest.controller.test.js,loadController
Scout-Report-Reviewed-2026-08-14/server/admin-pest.controller.test.js,response
Scout-Report-Reviewed-2026-08-14/server/app.test.js,loadAppWithMocks
Scout-Report-Reviewed-2026-08-14/server/app.test.js,fakeModule
Scout-Report-Reviewed-2026-08-14/server/app.test.js,request
Scout-Report-Reviewed-2026-08-14/server/crop-variety.store.test.js,loadStoreWithMockDb
Scout-Report-Reviewed-2026-08-14/server/crop-variety.store.test.js,result
Scout-Report-Reviewed-2026-08-14/server/crop-variety.store.test.js,runQuery
Scout-Report-Reviewed-2026-08-14/server/store.js,db
Scout-Report-Reviewed-2026-08-14/server/store.js,getDiseasesAdmin
Scout-Report-Reviewed-2026-08-14/server/store.js,findDisease
Scout-Report-Reviewed-2026-08-14/server/store.js,createDisease
Scout-Report-Reviewed-2026-08-14/server/store.js,updateDisease
Scout-Report-Reviewed-2026-08-14/server/store.js,deleteDisease
Scout-Report-Reviewed-2026-08-14/server/store.js,normalizeDiseaseInput
Scout-Report-Reviewed-2026-08-14/server/store.js,getPestsAdmin
Scout-Report-Reviewed-2026-08-14/server/store.js,findPest
Scout-Report-Reviewed-2026-08-14/server/store.js,createPest
Scout-Report-Reviewed-2026-08-14/server/store.js,updatePest
Scout-Report-Reviewed-2026-08-14/server/store.js,deletePest
Scout-Report-Reviewed-2026-08-14/server/store.js,normalizePestInput
Scout-Report-Reviewed-2026-08-14/server/store.js,getCropTypesAdmin
Scout-Report-Reviewed-2026-08-14/server/store.js,findCropType
Scout-Report-Reviewed-2026-08-14/server/store.js,createCropType
Scout-Report-Reviewed-2026-08-14/server/store.js,updateCropType
Scout-Report-Reviewed-2026-08-14/server/store.js,deleteCropType
Scout-Report-Reviewed-2026-08-14/server/store.js,normalizeCropTypeInput
Scout-Report-Reviewed-2026-08-14/server/store.js,getFarms
Scout-Report-Reviewed-2026-08-14/server/store.js,findFarm
Scout-Report-Reviewed-2026-08-14/server/store.js,createFarm
Scout-Report-Reviewed-2026-08-14/server/store.js,updateFarm
Scout-Report-Reviewed-2026-08-14/server/store.js,deleteFarm
Scout-Report-Reviewed-2026-08-14/server/store.js,normalizeFarmInput
Scout-Report-Reviewed-2026-08-14/server/store.js,getReference
Scout-Report-Reviewed-2026-08-14/server/store.js,getCropVarieties
Scout-Report-Reviewed-2026-08-14/server/store.js,getCropVarietiesAdmin
Scout-Report-Reviewed-2026-08-14/server/store.js,findCropVariety
Scout-Report-Reviewed-2026-08-14/server/store.js,createCropVariety
Scout-Report-Reviewed-2026-08-14/server/store.js,updateCropVariety
Scout-Report-Reviewed-2026-08-14/server/store.js,deleteCropVariety
Scout-Report-Reviewed-2026-08-14/server/store.js,normalizeParentCropTypeId
Scout-Report-Reviewed-2026-08-14/server/store.js,normalizeVarietyId
Scout-Report-Reviewed-2026-08-14/server/store.js,normalizeCropVarietyInput
Scout-Report-Reviewed-2026-08-14/server/store.js,getReports
Scout-Report-Reviewed-2026-08-14/server/store.js,findReport
Scout-Report-Reviewed-2026-08-14/server/store.js,saveReport
Scout-Report-Reviewed-2026-08-14/server/store.js,updateReport
Scout-Report-Reviewed-2026-08-14/server/store.js,deleteReport
Scout-Report-Reviewed-2026-08-14/server/store.js,nextReportId
Scout-Report-Reviewed-2026-08-14/server/store.js,addPestObservation
Scout-Report-Reviewed-2026-08-14/server/store.js,addDiseaseObservation
Scout-Report-Reviewed-2026-08-14/server/store.js,getStats
Scout-Report-Reviewed-2026-08-14/server/store.js,buildAccessClause
Scout-Report-Reviewed-2026-08-14/server/store.js,buildWhereClause
Scout-Report-Reviewed-2026-08-14/server/store.js,canAccessReport
Scout-Report-Reviewed-2026-08-14/server/store.js,buildReportFilters
Scout-Report-Reviewed-2026-08-14/server/store.js,normalizePagination
Scout-Report-Reviewed-2026-08-14/server/store.js,withStoreErrors
Scout-Report-Reviewed-2026-08-14/server/store.js,normalizeDbError
Scout-Report-Reviewed-2026-08-14/server/store.js,normalizeReportInput
Scout-Report-Reviewed-2026-08-14/server/store.js,resolveFarm
Scout-Report-Reviewed-2026-08-14/server/store.js,resolveCropType
Scout-Report-Reviewed-2026-08-14/server/store.js,assertCropVariety
Scout-Report-Reviewed-2026-08-14/server/store.js,normalizeObservationArray
Scout-Report-Reviewed-2026-08-14/server/store.js,normalizePestObservation
Scout-Report-Reviewed-2026-08-14/server/store.js,normalizeDiseaseObservation
Scout-Report-Reviewed-2026-08-14/server/store.js,resolveReferenceName
Scout-Report-Reviewed-2026-08-14/server/store.js,insertPestObservation
Scout-Report-Reviewed-2026-08-14/server/store.js,insertDiseaseObservation
Scout-Report-Reviewed-2026-08-14/server/store.js,refreshReportStatus
Scout-Report-Reviewed-2026-08-14/server/store.js,normalizeUpdateValue
Scout-Report-Reviewed-2026-08-14/server/store.js,deriveStatus
Scout-Report-Reviewed-2026-08-14/server/store.js,enrichReportRow
Scout-Report-Reviewed-2026-08-14/server/store.js,enrichPestObservation
Scout-Report-Reviewed-2026-08-14/server/store.js,enrichDiseaseObservation
Scout-Report-Reviewed-2026-08-14/server/store.js,parseJsonbArray
Scout-Report-Reviewed-2026-08-14/server/store.js,assertNonEmptyString
Scout-Report-Reviewed-2026-08-14/server/store.js,optionalString
Scout-Report-Reviewed-2026-08-14/server/store.js,normalizeSeverity
Scout-Report-Reviewed-2026-08-14/server/store.js,normalizeDate
Scout-Report-Reviewed-2026-08-14/server/store.js,normalizeInteger
Scout-Report-Reviewed-2026-08-14/server/store.js,normalizeOptionalInteger
Scout-Report-Reviewed-2026-08-14/server/store.js,normalizeOptionalNumber
Scout-Report-Reviewed-2026-08-14/server/store.js,normalizeLocation
Scout-Report-Reviewed-2026-08-14/server/store.js,formatDate
Scout-Report-Reviewed-2026-08-14/server/store.js,formatTimestamp
Scout-Report-Reviewed-2026-08-14/server/store.js,toNullableNumber
Scout-Report-Reviewed-2026-08-14/server/store.js,getIsoWeek
Scout-Report-Reviewed-2026-08-14/server/store.js,makeObservationId
Scout-Report-Reviewed-2026-08-14/server/admin-reference.controller.test.js,loadController
Scout-Report-Reviewed-2026-08-14/server/admin-reference.controller.test.js,response
Scout-Report-Reviewed-2026-08-14/server/admin-crop-type.controller.test.js,loadController
Scout-Report-Reviewed-2026-08-14/server/admin-crop-type.controller.test.js,response
Scout-Report-Reviewed-2026-08-14/server/dashboard.js,snapshot
Scout-Report-Reviewed-2026-08-14/server/db.js,query
Scout-Report-Reviewed-2026-08-14/server/db.js,transaction
Scout-Report-Reviewed-2026-08-14/server/db.js,testConnection
Scout-Report-Reviewed-2026-08-14/server/db.js,getHealth
Scout-Report-Reviewed-2026-08-14/server/db.js,close
Scout-Report-Reviewed-2026-08-14/server/workflow.js,canShare
Scout-Report-Reviewed-2026-08-14/server/workflow.js,nextStageAfterShare
Scout-Report-Reviewed-2026-08-14/server/workflow.js,verifyTransition
Scout-Report-Reviewed-2026-08-14/server/workflow.js,expectedVerifierRole
Scout-Report-Reviewed-2026-08-14/server/workflow.js,expectedRecipientRole
Scout-Report-Reviewed-2026-08-14/server/workflow.js,roleLabel
Scout-Report-Reviewed-2026-08-14/server/canonical-observations.js,domain
Scout-Report-Reviewed-2026-08-14/server/canonical-observations.js,validatePayload
Scout-Report-Reviewed-2026-08-14/server/canonical-observations.js,insertObservation
Scout-Report-Reviewed-2026-08-14/server/canonical-observations.js,listObservations
Scout-Report-Reviewed-2026-08-14/server/canonical-observations.js,fullReport
Scout-Report-Reviewed-2026-08-14/server/auth.js,registerUser
Scout-Report-Reviewed-2026-08-14/server/auth.js,loginUser
Scout-Report-Reviewed-2026-08-14/server/auth.js,logoutSession
Scout-Report-Reviewed-2026-08-14/server/auth.js,getUserForToken
Scout-Report-Reviewed-2026-08-14/server/auth.js,getUserById
Scout-Report-Reviewed-2026-08-14/server/auth.js,authenticate
Scout-Report-Reviewed-2026-08-14/server/auth.js,authorizeRoles
Scout-Report-Reviewed-2026-08-14/server/auth.js,extractToken
Scout-Report-Reviewed-2026-08-14/server/auth.js,createSession
Scout-Report-Reviewed-2026-08-14/server/auth.js,signAccessToken
Scout-Report-Reviewed-2026-08-14/server/auth.js,signJwt
Scout-Report-Reviewed-2026-08-14/server/auth.js,verifyAccessToken
Scout-Report-Reviewed-2026-08-14/server/auth.js,hashPassword
Scout-Report-Reviewed-2026-08-14/server/auth.js,verifyPassword
Scout-Report-Reviewed-2026-08-14/server/auth.js,pbkdf2
Scout-Report-Reviewed-2026-08-14/server/auth.js,normalizeRegistration
Scout-Report-Reviewed-2026-08-14/server/auth.js,validatePassword
Scout-Report-Reviewed-2026-08-14/server/auth.js,normalizeEmail
Scout-Report-Reviewed-2026-08-14/server/auth.js,resolveRegistrationRole
Scout-Report-Reviewed-2026-08-14/server/auth.js,sanitizeUser
Scout-Report-Reviewed-2026-08-14/server/auth.js,formatTimestamp
Scout-Report-Reviewed-2026-08-14/server/auth.js,isValidDate
Scout-Report-Reviewed-2026-08-14/server/auth.js,signJwtInput
Scout-Report-Reviewed-2026-08-14/server/auth.js,getJwtSecret
Scout-Report-Reviewed-2026-08-14/server/auth.js,encodeBase64UrlJson
Scout-Report-Reviewed-2026-08-14/server/auth.js,decodeBase64UrlJson
Scout-Report-Reviewed-2026-08-14/server/auth.js,safeEqual
Scout-Report-Reviewed-2026-08-14/server/auth.js,assertSessionId
Scout-Report-Reviewed-2026-08-14/server/auth.js,withAuthErrors
Scout-Report-Reviewed-2026-08-14/server/farm.store.test.js,loadStoreWithMockDb
Scout-Report-Reviewed-2026-08-14/server/farm.store.test.js,result
Scout-Report-Reviewed-2026-08-14/server/farm.store.test.js,runQuery
Scout-Report-Reviewed-2026-08-14/server/auth.test.js,loadAuthWithMockDb
Scout-Report-Reviewed-2026-08-14/server/auth.test.js,runQuery
Scout-Report-Reviewed-2026-08-14/server/auth.test.js,result
Scout-Report-Reviewed-2026-08-14/server/auth.test.js,rows
Scout-Report-Reviewed-2026-08-14/server/auth-regression.test.js,loadPageAuth
Scout-Report-Reviewed-2026-08-14/server/auth-regression.test.js,req
Scout-Report-Reviewed-2026-08-14/server/auth-regression.test.js,response
Scout-Report-Reviewed-2026-08-14/server/admin-disease.controller.test.js,loadController
Scout-Report-Reviewed-2026-08-14/server/admin-disease.controller.test.js,response
Scout-Report-Reviewed-2026-08-14/server/verification-checklist.js,checklistStageForWorkflow
Scout-Report-Reviewed-2026-08-14/server/verification-checklist.js,ensureChecklist
Scout-Report-Reviewed-2026-08-14/server/verification-checklist.js,getChecklist
Scout-Report-Reviewed-2026-08-14/server/verification-checklist.js,updateChecklist
Scout-Report-Reviewed-2026-08-14/server/verification-checklist.js,assertChecklistComplete
Scout-Report-Reviewed-2026-08-14/server/verification-checklist.js,mapItem
Scout-Report-Reviewed-2026-08-14/server/store.crud.test.js,loadStoreWithMockDb
Scout-Report-Reviewed-2026-08-14/server/store.crud.test.js,runQuery
Scout-Report-Reviewed-2026-08-14/server/store.crud.test.js,result
Scout-Report-Reviewed-2026-08-14/server/store.crud.test.js,rows
Scout-Report-Reviewed-2026-08-14/server/disease.store.test.js,loadStoreWithMockDb
Scout-Report-Reviewed-2026-08-14/server/disease.store.test.js,result
Scout-Report-Reviewed-2026-08-14/server/disease.store.test.js,runQuery
Scout-Report-Reviewed-2026-08-14/server/metrics.js,metricsMiddleware
Scout-Report-Reviewed-2026-08-14/server/metrics.js,snapshot
Scout-Report-Reviewed-2026-08-14/server/phase22.contract.test.js,read
Scout-Report-Reviewed-2026-08-14/server/index.js,startServer
Scout-Report-Reviewed-2026-08-14/server/index.js,shutdown
Scout-Report-Reviewed-2026-08-14/server/index.js,validateProductionEnvironment
Scout-Report-Reviewed-2026-08-14/server/index.js,createListeningServer
Scout-Report-Reviewed-2026-08-14/server/workflow.store.js,getWorkflow
Scout-Report-Reviewed-2026-08-14/server/workflow.store.js,getInbox
Scout-Report-Reviewed-2026-08-14/server/workflow.store.js,listRecipients
Scout-Report-Reviewed-2026-08-14/server/workflow.store.js,shareReport
Scout-Report-Reviewed-2026-08-14/server/workflow.store.js,verifyReport
Scout-Report-Reviewed-2026-08-14/server/workflow.store.js,getWorkflowForClient
Scout-Report-Reviewed-2026-08-14/server/workflow.store.js,withHistory
Scout-Report-Reviewed-2026-08-14/server/workflow.store.js,assertCanView
Scout-Report-Reviewed-2026-08-14/server/workflow.store.js,assertCanAct
Scout-Report-Reviewed-2026-08-14/server/workflow.store.js,expectedRecipientRoleForActor
Scout-Report-Reviewed-2026-08-14/server/workflow.store.js,baseSelect
Scout-Report-Reviewed-2026-08-14/server/workflow.store.js,mapWorkflow
Scout-Report-Reviewed-2026-08-14/server/workflow.store.js,mapEvent
Scout-Report-Reviewed-2026-08-14/server/workflow.store.js,insertEvent
Scout-Report-Reviewed-2026-08-14/server/xlsx-lite.js,xmlEscape
Scout-Report-Reviewed-2026-08-14/server/xlsx-lite.js,xmlUnescape
Scout-Report-Reviewed-2026-08-14/server/xlsx-lite.js,columnName
Scout-Report-Reviewed-2026-08-14/server/xlsx-lite.js,columnIndex
Scout-Report-Reviewed-2026-08-14/server/xlsx-lite.js,crc32
Scout-Report-Reviewed-2026-08-14/server/xlsx-lite.js,u16
Scout-Report-Reviewed-2026-08-14/server/xlsx-lite.js,u32
Scout-Report-Reviewed-2026-08-14/server/xlsx-lite.js,zip
Scout-Report-Reviewed-2026-08-14/server/xlsx-lite.js,makeWorksheet
Scout-Report-Reviewed-2026-08-14/server/xlsx-lite.js,createWorkbook
Scout-Report-Reviewed-2026-08-14/server/xlsx-lite.js,unzip
Scout-Report-Reviewed-2026-08-14/server/xlsx-lite.js,parseWorksheet
Scout-Report-Reviewed-2026-08-14/server/xlsx-lite.js,parseSharedStrings
Scout-Report-Reviewed-2026-08-14/server/xlsx-lite.js,readWorkbook
Scout-Report-Reviewed-2026-08-14/server/canonical-model.js,getCanonicalModel
Scout-Report-Reviewed-2026-08-14/server/crop-type.store.test.js,loadStoreWithMockDb
Scout-Report-Reviewed-2026-08-14/server/crop-type.store.test.js,result
Scout-Report-Reviewed-2026-08-14/server/crop-type.store.test.js,runQuery
Scout-Report-Reviewed-2026-08-14/previews/auth.js,loadFromStorage
Scout-Report-Reviewed-2026-08-14/previews/auth.js,saveToStorage
Scout-Report-Reviewed-2026-08-14/previews/auth.js,clearState
Scout-Report-Reviewed-2026-08-14/previews/auth.js,getAuthHeaders
Scout-Report-Reviewed-2026-08-14/previews/auth.js,createError
Scout-Report-Reviewed-2026-08-14/previews/auth.js,parseJsonSafe
Scout-Report-Reviewed-2026-08-14/previews/auth.js,redirectTo
Scout-Report-Reviewed-2026-08-14/previews/auth.js,redirectToLogin
Scout-Report-Reviewed-2026-08-14/previews/auth.js,loadMe
Scout-Report-Reviewed-2026-08-14/previews/auth.js,init
Scout-Report-Reviewed-2026-08-14/previews/auth.js,authAction
Scout-Report-Reviewed-2026-08-14/previews/auth.js,login
Scout-Report-Reviewed-2026-08-14/previews/auth.js,register
Scout-Report-Reviewed-2026-08-14/previews/auth.js,logout
Scout-Report-Reviewed-2026-08-14/previews/auth.js,fetchWithAuth
Scout-Report-Reviewed-2026-08-14/previews/auth.js,getUser
Scout-Report-Reviewed-2026-08-14/previews/auth.js,getToken
Scout-Report-Reviewed-2026-08-14/previews/auth.js,clear
Scout-Report-Reviewed-2026-08-14/previews/browser-auth.test.js,createResponse
Scout-Report-Reviewed-2026-08-14/previews/browser-auth.test.js,loadBrowserAuth
Scout-Report-Reviewed-2026-08-14/previews/browser-auth.test.js,fetch
Scout-Report-Reviewed-2026-08-14/previews/admin-reference.js,parseError
Scout-Report-Reviewed-2026-08-14/previews/workflow-dashboard.js,esc
Scout-Report-Reviewed-2026-08-14/previews/workflow-dashboard.js,api
Scout-Report-Reviewed-2026-08-14/previews/workflow-dashboard.js,setMessage
Scout-Report-Reviewed-2026-08-14/previews/workflow-dashboard.js,loadInbox
Scout-Report-Reviewed-2026-08-14/previews/workflow-dashboard.js,openWorkflow
Scout-Report-Reviewed-2026-08-14/previews/workflow-dashboard.js,loadRecipients
Scout-Report-Reviewed-2026-08-14/previews/workflow-dashboard.js,verify
Scout-Report-Reviewed-2026-08-14/previews/workflow-dashboard.js,share
Scout-Report-Reviewed-2026-08-14/previews/workflow-dashboard.js,closeWorkflow
Scout-Report-Reviewed-2026-08-14/previews/admin-reference.test.js,loadClient
Scout-Report-Reviewed-2026-08-14/previews/admin-reference.test.js,response
Scout-Report-Reviewed-2026-08-14/scripts/verify-phase18.js,check
Scout-Report-Reviewed-2026-08-14/scripts/verify-phase8.js,check
Scout-Report-Reviewed-2026-08-14/scripts/verify-phase8.js,read
Scout-Report-Reviewed-2026-08-14/scripts/verify-phase8.js,exists
Scout-Report-Reviewed-2026-08-14/scripts/verify-phase19.js,check
Scout-Report-Reviewed-2026-08-14/scripts/verify-phase23.js,pass
Scout-Report-Reviewed-2026-08-14/scripts/verify-phase23.js,fail
Scout-Report-Reviewed-2026-08-14/scripts/verify-phase17.js,check
Scout-Report-Reviewed-2026-08-14/scripts/verify-phase3.js,check
Scout-Report-Reviewed-2026-08-14/scripts/verify-phase10.js,check
Scout-Report-Reviewed-2026-08-14/scripts/verify-phase14.js,check
Scout-Report-Reviewed-2026-08-14/scripts/verify-phase9.js,check
Scout-Report-Reviewed-2026-08-14/scripts/verify-phase9.js,read
Scout-Report-Reviewed-2026-08-14/scripts/verify-phase9.js,exists
Scout-Report-Reviewed-2026-08-14/scripts/verify-phase6.js,check
Scout-Report-Reviewed-2026-08-14/scripts/verify-phase12.js,check
Scout-Report-Reviewed-2026-08-14/scripts/verify-phase12.js,exists
Scout-Report-Reviewed-2026-08-14/scripts/verify-phase12.js,text
Scout-Report-Reviewed-2026-08-14/scripts/verify-phase4.js,check
Scout-Report-Reviewed-2026-08-14/scripts/kill-port.js,killPort
Scout-Report-Reviewed-2026-08-14/scripts/verify-phase1.js,check
Scout-Report-Reviewed-2026-08-14/scripts/verify-phase5.js,check
Scout-Report-Reviewed-2026-08-14/scripts/verify-phase13.js,check
Scout-Report-Reviewed-2026-08-14/scripts/verify-phase13.js,exists
Scout-Report-Reviewed-2026-08-14/scripts/verify-phase13.js,text
Scout-Report-Reviewed-2026-08-14/scripts/verify-phase15.js,check
Scout-Report-Reviewed-2026-08-14/scripts/verify-phase21.js,expect
Scout-Report-Reviewed-2026-08-14/scripts/verify-phase11.js,check
Scout-Report-Reviewed-2026-08-14/scripts/verify-phase11.js,exists
Scout-Report-Reviewed-2026-08-14/scripts/verify-phase11.js,text
Scout-Report-Reviewed-2026-08-14/scripts/verify-phase16.js,check
Scout-Report-Reviewed-2026-08-14/scripts/verify-phase2.js,read
Scout-Report-Reviewed-2026-08-14/scripts/verify-phase2.js,check
Scout-Report-Reviewed-2026-08-14/previews/js/reference-mapping.js,compact
Scout-Report-Reviewed-2026-08-14/previews/js/reference-mapping.js,singular
Scout-Report-Reviewed-2026-08-14/previews/js/reference-mapping.js,resolveReferenceId
Scout-Report-Reviewed-2026-08-14/previews/js/reference-mapping.js,resolveObservationReference
Scout-Report-Reviewed-2026-08-14/server/import/master-import.service.js,batchHash
Scout-Report-Reviewed-2026-08-14/server/import/master-import.service.js,rowsToObjects
Scout-Report-Reviewed-2026-08-14/server/import/master-import.service.js,stageWorkbook
Scout-Report-Reviewed-2026-08-14/server/import/master-import.service.js,getBatch
Scout-Report-Reviewed-2026-08-14/server/import/master-import.service.js,resolveFarm
Scout-Report-Reviewed-2026-08-14/server/import/master-import.service.js,catalogCropName
Scout-Report-Reviewed-2026-08-14/server/import/master-import.service.js,resolveCrop
Scout-Report-Reviewed-2026-08-14/server/import/master-import.service.js,importReportPayload
Scout-Report-Reviewed-2026-08-14/server/import/master-import.service.js,exportSourceWorkbook
Scout-Report-Reviewed-2026-08-14/server/import/master-import.service.js,commitBatch
Scout-Report-Reviewed-2026-08-14/server/import/field-dictionary.js,getField
Scout-Report-Reviewed-2026-08-14/server/import/field-dictionary.js,listRequired
Scout-Report-Reviewed-2026-08-14/server/import/field-dictionary.js,validateDictionary
Scout-Report-Reviewed-2026-08-14/server/import/source-registry.js,getAdapter
Scout-Report-Reviewed-2026-08-14/server/import/source-registry.js,headerSet
Scout-Report-Reviewed-2026-08-14/server/import/source-registry.js,scoreAdapter
Scout-Report-Reviewed-2026-08-14/server/import/source-registry.js,detectAdapter
Scout-Report-Reviewed-2026-08-14/server/import/source-registry.js,resolveAliases
Scout-Report-Reviewed-2026-08-14/server/import/master-import.js,createBatchId
Scout-Report-Reviewed-2026-08-14/server/import/master-import.js,createRowId
Scout-Report-Reviewed-2026-08-14/server/import/master-import.js,parseNumeric
Scout-Report-Reviewed-2026-08-14/server/import/master-import.js,normalizeSourceRow
Scout-Report-Reviewed-2026-08-14/server/import/master-import.js,validateSourceRow
Scout-Report-Reviewed-2026-08-14/server/import/master-import.js,classifyObservations
Scout-Report-Reviewed-2026-08-14/server/import/master-import.js,toCanonicalHeader
Scout-Report-Reviewed-2026-08-14/server/import/master-import.js,schemaHash
Scout-Report-Reviewed-2026-08-14/server/import/normalize.js,normalizeHeader
Scout-Report-Reviewed-2026-08-14/server/import/normalize.js,normalizeBoolean
Scout-Report-Reviewed-2026-08-14/server/import/normalize.js,normalizePercent
Scout-Report-Reviewed-2026-08-14/server/import/normalize.js,normalizeDate
Scout-Report-Reviewed-2026-08-14/server/import/normalize.js,mapRow
Scout-Report-Reviewed-2026-08-14/server/import/normalize.js,validateCanonical
Scout-Report-Reviewed-2026-08-14/server/controllers/report-extension.controller.js,patchVisit
Scout-Report-Reviewed-2026-08-14/server/controllers/reference.controller.js,getReference
Scout-Report-Reviewed-2026-08-14/server/controllers/reference.controller.js,getFarms
Scout-Report-Reviewed-2026-08-14/server/controllers/reference.controller.js,getCropTypes
Scout-Report-Reviewed-2026-08-14/server/controllers/reference.controller.js,getCropVarieties
Scout-Report-Reviewed-2026-08-14/server/controllers/reference.controller.js,getPests
Scout-Report-Reviewed-2026-08-14/server/controllers/reference.controller.js,getDiseases
Scout-Report-Reviewed-2026-08-14/server/controllers/reference.controller.js,getMasterCrops
Scout-Report-Reviewed-2026-08-14/server/controllers/reference.controller.js,getStressReferences
Scout-Report-Reviewed-2026-08-14/server/controllers/master-import.controller.js,stageMasterWorkbook
Scout-Report-Reviewed-2026-08-14/server/controllers/master-import.controller.js,commitMasterWorkbook
Scout-Report-Reviewed-2026-08-14/server/controllers/master-import.controller.js,exportMasterSource
Scout-Report-Reviewed-2026-08-14/server/controllers/master-import.controller.js,getMasterImportBatch
Scout-Report-Reviewed-2026-08-14/server/controllers/workflow.controller.js,getInbox
Scout-Report-Reviewed-2026-08-14/server/controllers/workflow.controller.js,getWorkflow
Scout-Report-Reviewed-2026-08-14/server/controllers/workflow.controller.js,recipients
Scout-Report-Reviewed-2026-08-14/server/controllers/workflow.controller.js,share
Scout-Report-Reviewed-2026-08-14/server/controllers/workflow.controller.js,verify
Scout-Report-Reviewed-2026-08-14/server/controllers/verification-checklist.controller.js,get
Scout-Report-Reviewed-2026-08-14/server/controllers/verification-checklist.controller.js,update
Scout-Report-Reviewed-2026-08-14/server/controllers/dashboard.controller.js,getSnapshot
Scout-Report-Reviewed-2026-08-14/server/controllers/auth.controller.js,setAuthCookie
Scout-Report-Reviewed-2026-08-14/server/controllers/auth.controller.js,clearAuthCookie
Scout-Report-Reviewed-2026-08-14/server/controllers/auth.controller.js,authResponse
Scout-Report-Reviewed-2026-08-14/server/controllers/auth.controller.js,register
Scout-Report-Reviewed-2026-08-14/server/controllers/auth.controller.js,login
Scout-Report-Reviewed-2026-08-14/server/controllers/auth.controller.js,logout
Scout-Report-Reviewed-2026-08-14/server/controllers/auth.controller.js,me
Scout-Report-Reviewed-2026-08-14/server/controllers/canonical-observations.controller.js,assertEditable
Scout-Report-Reviewed-2026-08-14/server/controllers/canonical-observations.controller.js,create
Scout-Report-Reviewed-2026-08-14/server/controllers/canonical-observations.controller.js,list
Scout-Report-Reviewed-2026-08-14/server/controllers/canonical-observations.controller.js,full
Scout-Report-Reviewed-2026-08-14/server/controllers/report.controller.js,exportRows
Scout-Report-Reviewed-2026-08-14/server/controllers/report.controller.js,exportExcel
Scout-Report-Reviewed-2026-08-14/server/controllers/report.controller.js,exportCanonicalExcel
Scout-Report-Reviewed-2026-08-14/server/controllers/report.controller.js,importCanonicalExcel
Scout-Report-Reviewed-2026-08-14/server/controllers/report.controller.js,importExcel
Scout-Report-Reviewed-2026-08-14/server/controllers/report.controller.js,getReports
Scout-Report-Reviewed-2026-08-14/server/controllers/report.controller.js,getStats
Scout-Report-Reviewed-2026-08-14/server/controllers/report.controller.js,getReport
Scout-Report-Reviewed-2026-08-14/server/controllers/report.controller.js,createReport
Scout-Report-Reviewed-2026-08-14/server/controllers/report.controller.js,updateReport
Scout-Report-Reviewed-2026-08-14/server/controllers/report.controller.js,deleteReport
Scout-Report-Reviewed-2026-08-14/server/controllers/report.controller.js,addPestObservation
Scout-Report-Reviewed-2026-08-14/server/controllers/report.controller.js,addDiseaseObservation
Scout-Report-Reviewed-2026-08-14/server/middleware/requireSiteAuth.js,isApi
Scout-Report-Reviewed-2026-08-14/server/middleware/requireSiteAuth.js,extractToken
Scout-Report-Reviewed-2026-08-14/server/middleware/requireSiteAuth.js,requireSiteAuth
Scout-Report-Reviewed-2026-08-14/server/middleware/securityHeaders.js,securityHeaders
Scout-Report-Reviewed-2026-08-14/server/middleware/requirePageAuth.js,requirePageAuth
Scout-Report-Reviewed-2026-08-14/server/middleware/requirePageAuth.js,requirePageRole
Scout-Report-Reviewed-2026-08-14/server/middleware/errorHandler.js,errorHandler
Scout-Report-Reviewed-2026-08-14/server/middleware/rateLimit.js,createRateLimiter
Scout-Report-Reviewed-2026-08-14/server/middleware/logger.js,requestLogger
Scout-Report-Reviewed-2026-08-14/server/middleware/logger.js,logInfo
Scout-Report-Reviewed-2026-08-14/server/middleware/logger.js,logError
Scout-Report-Reviewed-2026-08-14/server/middleware/logger.js,writeLog
Scout-Report-Reviewed-2026-08-14/server/middleware/logger.js,removeUndefined
Scout-Report-Reviewed-2026-08-14/server/scripts/migrate.js,migrate
Scout-Report-Reviewed-2026-08-14/server/controllers/admin/users.controller.js,listUsers
Scout-Report-Reviewed-2026-08-14/server/controllers/admin/users.controller.js,updateRole
Scout-Report-Reviewed-2026-08-14/server/controllers/admin/users.controller.js,createUser
Scout-Report-Reviewed-2026-08-14/server/controllers/admin/users.controller.js,setPassword
Scout-Report-Reviewed-2026-08-14/server/controllers/admin/users.controller.js,deleteUser
Scout-Report-Reviewed-2026-08-14/server/controllers/admin/reference.controller.js,success
Scout-Report-Reviewed-2026-08-14/server/controllers/admin/reference.controller.js,listFarms
Scout-Report-Reviewed-2026-08-14/server/controllers/admin/reference.controller.js,getFarm
Scout-Report-Reviewed-2026-08-14/server/controllers/admin/reference.controller.js,createFarm
Scout-Report-Reviewed-2026-08-14/server/controllers/admin/reference.controller.js,updateFarm
Scout-Report-Reviewed-2026-08-14/server/controllers/admin/reference.controller.js,deleteFarm
Scout-Report-Reviewed-2026-08-14/server/controllers/admin/reference.controller.js,listCropTypes
Scout-Report-Reviewed-2026-08-14/server/controllers/admin/reference.controller.js,getCropType
Scout-Report-Reviewed-2026-08-14/server/controllers/admin/reference.controller.js,createCropType
Scout-Report-Reviewed-2026-08-14/server/controllers/admin/reference.controller.js,updateCropType
Scout-Report-Reviewed-2026-08-14/server/controllers/admin/reference.controller.js,deleteCropType
Scout-Report-Reviewed-2026-08-14/server/controllers/admin/reference.controller.js,listCropVarieties
Scout-Report-Reviewed-2026-08-14/server/controllers/admin/reference.controller.js,getCropVariety
Scout-Report-Reviewed-2026-08-14/server/controllers/admin/reference.controller.js,createCropVariety
Scout-Report-Reviewed-2026-08-14/server/controllers/admin/reference.controller.js,updateCropVariety
Scout-Report-Reviewed-2026-08-14/server/controllers/admin/reference.controller.js,deleteCropVariety
Scout-Report-Reviewed-2026-08-14/server/controllers/admin/reference.controller.js,listDiseases
Scout-Report-Reviewed-2026-08-14/server/controllers/admin/reference.controller.js,getDisease
Scout-Report-Reviewed-2026-08-14/server/controllers/admin/reference.controller.js,createDisease
Scout-Report-Reviewed-2026-08-14/server/controllers/admin/reference.controller.js,updateDisease
Scout-Report-Reviewed-2026-08-14/server/controllers/admin/reference.controller.js,deleteDisease
Scout-Report-Reviewed-2026-08-14/server/controllers/admin/reference.controller.js,listPests
Scout-Report-Reviewed-2026-08-14/server/controllers/admin/reference.controller.js,getPest
Scout-Report-Reviewed-2026-08-14/server/controllers/admin/reference.controller.js,createPest
Scout-Report-Reviewed-2026-08-14/server/controllers/admin/reference.controller.js,updatePest
Scout-Report-Reviewed-2026-08-14/server/controllers/admin/reference.controller.js,deletePest
previews/js/reference-mapping.js,compact
previews/js/reference-mapping.js,singular
previews/js/reference-mapping.js,resolveReferenceId
previews/js/reference-mapping.js,resolveObservationReference
server/import/master-import.service.js,batchHash
server/import/master-import.service.js,rowsToObjects
server/import/master-import.service.js,stageWorkbook
server/import/master-import.service.js,getBatch
server/import/master-import.service.js,resolveFarm
server/import/master-import.service.js,catalogCropName
server/import/master-import.service.js,resolveCrop
server/import/master-import.service.js,importReportPayload
server/import/master-import.service.js,exportSourceWorkbook
server/import/master-import.service.js,commitBatch
server/import/field-dictionary.js,getField
server/import/field-dictionary.js,listRequired
server/import/field-dictionary.js,validateDictionary
server/import/source-registry.js,getAdapter
server/import/source-registry.js,headerSet
server/import/source-registry.js,scoreAdapter
server/import/source-registry.js,detectAdapter
server/import/source-registry.js,resolveAliases
server/import/master-import.js,createBatchId
server/import/master-import.js,createRowId
server/import/master-import.js,parseNumeric
server/import/master-import.js,normalizeSourceRow
server/import/master-import.js,validateSourceRow
server/import/master-import.js,classifyObservations
server/import/master-import.js,toCanonicalHeader
server/import/master-import.js,schemaHash
server/import/normalize.js,normalizeHeader
server/import/normalize.js,normalizeBoolean
server/import/normalize.js,normalizePercent
server/import/normalize.js,normalizeDate
server/import/normalize.js,mapRow
server/import/normalize.js,validateCanonical
server/controllers/report-extension.controller.js,patchVisit
server/controllers/reference.controller.js,getReference
server/controllers/reference.controller.js,getFarms
server/controllers/reference.controller.js,getCropTypes
server/controllers/reference.controller.js,getCropVarieties
server/controllers/reference.controller.js,getPests
server/controllers/reference.controller.js,getDiseases
server/controllers/reference.controller.js,getMasterCrops
server/controllers/reference.controller.js,getStressReferences
server/controllers/master-import.controller.js,stageMasterWorkbook
server/controllers/master-import.controller.js,commitMasterWorkbook
server/controllers/master-import.controller.js,exportMasterSource
server/controllers/master-import.controller.js,getMasterImportBatch
server/controllers/workflow.controller.js,getInbox
server/controllers/workflow.controller.js,getWorkflow
server/controllers/workflow.controller.js,recipients
server/controllers/workflow.controller.js,share
server/controllers/workflow.controller.js,verify
server/controllers/verification-checklist.controller.js,get
server/controllers/verification-checklist.controller.js,update
server/controllers/dashboard.controller.js,getSnapshot
server/controllers/auth.controller.js,setAuthCookie
server/controllers/auth.controller.js,clearAuthCookie
server/controllers/auth.controller.js,authResponse
server/controllers/auth.controller.js,register
server/controllers/auth.controller.js,login
server/controllers/auth.controller.js,logout
server/controllers/auth.controller.js,me
server/controllers/canonical-observations.controller.js,assertEditable
server/controllers/canonical-observations.controller.js,create
server/controllers/canonical-observations.controller.js,list
server/controllers/canonical-observations.controller.js,full
server/controllers/report.controller.js,exportRows
server/controllers/report.controller.js,exportExcel
server/controllers/report.controller.js,exportCanonicalExcel
server/controllers/report.controller.js,importCanonicalExcel
server/controllers/report.controller.js,importExcel
server/controllers/report.controller.js,getReports
server/controllers/report.controller.js,getStats
server/controllers/report.controller.js,getReport
server/controllers/report.controller.js,createReport
server/controllers/report.controller.js,updateReport
server/controllers/report.controller.js,deleteReport
server/controllers/report.controller.js,addPestObservation
server/controllers/report.controller.js,addDiseaseObservation
server/middleware/requireSiteAuth.js,isApi
server/middleware/requireSiteAuth.js,extractToken
server/middleware/requireSiteAuth.js,requireSiteAuth
server/middleware/securityHeaders.js,securityHeaders
server/middleware/requirePageAuth.js,requirePageAuth
server/middleware/requirePageAuth.js,requirePageRole
server/middleware/errorHandler.js,errorHandler
server/middleware/rateLimit.js,createRateLimiter
server/middleware/logger.js,requestLogger
server/middleware/logger.js,logInfo
server/middleware/logger.js,logError
server/middleware/logger.js,writeLog
server/middleware/logger.js,removeUndefined
server/scripts/migrate.js,migrate
server/controllers/admin/users.controller.js,listUsers
server/controllers/admin/users.controller.js,updateRole
server/controllers/admin/users.controller.js,createUser
server/controllers/admin/users.controller.js,setPassword
server/controllers/admin/users.controller.js,deleteUser
server/controllers/admin/reference.controller.js,success
server/controllers/admin/reference.controller.js,listFarms
server/controllers/admin/reference.controller.js,getFarm
server/controllers/admin/reference.controller.js,createFarm
server/controllers/admin/reference.controller.js,updateFarm
server/controllers/admin/reference.controller.js,deleteFarm
server/controllers/admin/reference.controller.js,listCropTypes
server/controllers/admin/reference.controller.js,getCropType
server/controllers/admin/reference.controller.js,createCropType
server/controllers/admin/reference.controller.js,updateCropType
server/controllers/admin/reference.controller.js,deleteCropType
server/controllers/admin/reference.controller.js,listCropVarieties
server/controllers/admin/reference.controller.js,getCropVariety
server/controllers/admin/reference.controller.js,createCropVariety
server/controllers/admin/reference.controller.js,updateCropVariety
server/controllers/admin/reference.controller.js,deleteCropVariety
server/controllers/admin/reference.controller.js,listDiseases
server/controllers/admin/reference.controller.js,getDisease
server/controllers/admin/reference.controller.js,createDisease
server/controllers/admin/reference.controller.js,updateDisease
server/controllers/admin/reference.controller.js,deleteDisease
server/controllers/admin/reference.controller.js,listPests
server/controllers/admin/reference.controller.js,getPest
server/controllers/admin/reference.controller.js,createPest
server/controllers/admin/reference.controller.js,updatePest
server/controllers/admin/reference.controller.js,deletePest
